-- MySQL dump 10.13  Distrib 5.7.32, for Linux (x86_64)
--
-- Host: localhost    Database: tiki
-- ------------------------------------------------------
-- Server version	5.7.32-0ubuntu0.16.04.1

/*!40101 SET @OLD_CHARACTER_SET_CLIENT=@@CHARACTER_SET_CLIENT */;
/*!40101 SET @OLD_CHARACTER_SET_RESULTS=@@CHARACTER_SET_RESULTS */;
/*!40101 SET @OLD_COLLATION_CONNECTION=@@COLLATION_CONNECTION */;
/*!40101 SET NAMES utf8 */;
/*!40103 SET @OLD_TIME_ZONE=@@TIME_ZONE */;
/*!40103 SET TIME_ZONE='+00:00' */;
/*!40014 SET @OLD_UNIQUE_CHECKS=@@UNIQUE_CHECKS, UNIQUE_CHECKS=0 */;
/*!40014 SET @OLD_FOREIGN_KEY_CHECKS=@@FOREIGN_KEY_CHECKS, FOREIGN_KEY_CHECKS=0 */;
/*!40101 SET @OLD_SQL_MODE=@@SQL_MODE, SQL_MODE='NO_AUTO_VALUE_ON_ZERO' */;
/*!40111 SET @OLD_SQL_NOTES=@@SQL_NOTES, SQL_NOTES=0 */;

--
-- Table structure for table `account_account`
--

DROP TABLE IF EXISTS `account_account`;
/*!40101 SET @saved_cs_client     = @@character_set_client */;
/*!40101 SET character_set_client = utf8 */;
CREATE TABLE `account_account` (
  `id` int(11) NOT NULL AUTO_INCREMENT,
  `email` varchar(30) NOT NULL,
  `password` varchar(16) NOT NULL,
  `holder_name` varchar(100) NOT NULL,
  `avatar` varchar(1000) NOT NULL,
  PRIMARY KEY (`id`)
) ENGINE=InnoDB AUTO_INCREMENT=2 DEFAULT CHARSET=latin1;
/*!40101 SET character_set_client = @saved_cs_client */;

--
-- Dumping data for table `account_account`
--

LOCK TABLES `account_account` WRITE;
/*!40000 ALTER TABLE `account_account` DISABLE KEYS */;
INSERT INTO `account_account` VALUES (1,'test@gmail.com','123','123','https://hedieuhanh.com/wp-content/uploads/2019/08/anh-avatar-buc-minh-cuc-hai-huoc.jpg');
/*!40000 ALTER TABLE `account_account` ENABLE KEYS */;
UNLOCK TABLES;

--
-- Table structure for table `auth_group`
--

DROP TABLE IF EXISTS `auth_group`;
/*!40101 SET @saved_cs_client     = @@character_set_client */;
/*!40101 SET character_set_client = utf8 */;
CREATE TABLE `auth_group` (
  `id` int(11) NOT NULL AUTO_INCREMENT,
  `name` varchar(80) NOT NULL,
  PRIMARY KEY (`id`),
  UNIQUE KEY `name` (`name`)
) ENGINE=InnoDB DEFAULT CHARSET=latin1;
/*!40101 SET character_set_client = @saved_cs_client */;

--
-- Dumping data for table `auth_group`
--

LOCK TABLES `auth_group` WRITE;
/*!40000 ALTER TABLE `auth_group` DISABLE KEYS */;
/*!40000 ALTER TABLE `auth_group` ENABLE KEYS */;
UNLOCK TABLES;

--
-- Table structure for table `auth_group_permissions`
--

DROP TABLE IF EXISTS `auth_group_permissions`;
/*!40101 SET @saved_cs_client     = @@character_set_client */;
/*!40101 SET character_set_client = utf8 */;
CREATE TABLE `auth_group_permissions` (
  `id` int(11) NOT NULL AUTO_INCREMENT,
  `group_id` int(11) NOT NULL,
  `permission_id` int(11) NOT NULL,
  PRIMARY KEY (`id`),
  UNIQUE KEY `auth_group_permissions_group_id_permission_id_0cd325b0_uniq` (`group_id`,`permission_id`),
  KEY `auth_group_permissio_permission_id_84c5c92e_fk_auth_perm` (`permission_id`),
  CONSTRAINT `auth_group_permissio_permission_id_84c5c92e_fk_auth_perm` FOREIGN KEY (`permission_id`) REFERENCES `auth_permission` (`id`),
  CONSTRAINT `auth_group_permissions_group_id_b120cbf9_fk_auth_group_id` FOREIGN KEY (`group_id`) REFERENCES `auth_group` (`id`)
) ENGINE=InnoDB DEFAULT CHARSET=latin1;
/*!40101 SET character_set_client = @saved_cs_client */;

--
-- Dumping data for table `auth_group_permissions`
--

LOCK TABLES `auth_group_permissions` WRITE;
/*!40000 ALTER TABLE `auth_group_permissions` DISABLE KEYS */;
/*!40000 ALTER TABLE `auth_group_permissions` ENABLE KEYS */;
UNLOCK TABLES;

--
-- Table structure for table `auth_permission`
--

DROP TABLE IF EXISTS `auth_permission`;
/*!40101 SET @saved_cs_client     = @@character_set_client */;
/*!40101 SET character_set_client = utf8 */;
CREATE TABLE `auth_permission` (
  `id` int(11) NOT NULL AUTO_INCREMENT,
  `name` varchar(255) NOT NULL,
  `content_type_id` int(11) NOT NULL,
  `codename` varchar(100) NOT NULL,
  PRIMARY KEY (`id`),
  UNIQUE KEY `auth_permission_content_type_id_codename_01ab375a_uniq` (`content_type_id`,`codename`),
  CONSTRAINT `auth_permission_content_type_id_2f476e4b_fk_django_co` FOREIGN KEY (`content_type_id`) REFERENCES `django_content_type` (`id`)
) ENGINE=InnoDB AUTO_INCREMENT=52 DEFAULT CHARSET=latin1;
/*!40101 SET character_set_client = @saved_cs_client */;

--
-- Dumping data for table `auth_permission`
--

LOCK TABLES `auth_permission` WRITE;
/*!40000 ALTER TABLE `auth_permission` DISABLE KEYS */;
INSERT INTO `auth_permission` VALUES (1,'Can add log entry',1,'add_logentry'),(2,'Can change log entry',1,'change_logentry'),(3,'Can delete log entry',1,'delete_logentry'),(4,'Can add group',2,'add_group'),(5,'Can change group',2,'change_group'),(6,'Can delete group',2,'delete_group'),(7,'Can add permission',3,'add_permission'),(8,'Can change permission',3,'change_permission'),(9,'Can delete permission',3,'delete_permission'),(10,'Can add user',4,'add_user'),(11,'Can change user',4,'change_user'),(12,'Can delete user',4,'delete_user'),(13,'Can add content type',5,'add_contenttype'),(14,'Can change content type',5,'change_contenttype'),(15,'Can delete content type',5,'delete_contenttype'),(16,'Can add session',6,'add_session'),(17,'Can change session',6,'change_session'),(18,'Can delete session',6,'delete_session'),(19,'Can add product model',7,'add_productmodel'),(20,'Can change product model',7,'change_productmodel'),(21,'Can delete product model',7,'delete_productmodel'),(22,'Can add model2',8,'add_model2'),(23,'Can change model2',8,'change_model2'),(24,'Can delete model2',8,'delete_model2'),(25,'Can add model1',9,'add_model1'),(26,'Can change model1',9,'change_model1'),(27,'Can delete model1',9,'delete_model1'),(28,'Can add image',10,'add_image'),(29,'Can change image',10,'change_image'),(30,'Can delete image',10,'delete_image'),(31,'Can add review',11,'add_review'),(32,'Can change review',11,'change_review'),(33,'Can delete review',11,'delete_review'),(34,'Can add image review',12,'add_imagereview'),(35,'Can change image review',12,'change_imagereview'),(36,'Can delete image review',12,'delete_imagereview'),(37,'Can add account',13,'add_account'),(38,'Can change account',13,'change_account'),(39,'Can delete account',13,'delete_account'),(40,'Can add sku',14,'add_sku'),(41,'Can change sku',14,'change_sku'),(42,'Can delete sku',14,'delete_sku'),(43,'Can add Token',15,'add_token'),(44,'Can change Token',15,'change_token'),(45,'Can delete Token',15,'delete_token'),(46,'Can add order',16,'add_order'),(47,'Can change order',16,'change_order'),(48,'Can delete order',16,'delete_order'),(49,'Can add product image',17,'add_productimage'),(50,'Can change product image',17,'change_productimage'),(51,'Can delete product image',17,'delete_productimage');
/*!40000 ALTER TABLE `auth_permission` ENABLE KEYS */;
UNLOCK TABLES;

--
-- Table structure for table `auth_user`
--

DROP TABLE IF EXISTS `auth_user`;
/*!40101 SET @saved_cs_client     = @@character_set_client */;
/*!40101 SET character_set_client = utf8 */;
CREATE TABLE `auth_user` (
  `id` int(11) NOT NULL AUTO_INCREMENT,
  `password` varchar(128) NOT NULL,
  `last_login` datetime(6) DEFAULT NULL,
  `is_superuser` tinyint(1) NOT NULL,
  `username` varchar(150) NOT NULL,
  `first_name` varchar(30) NOT NULL,
  `last_name` varchar(30) NOT NULL,
  `email` varchar(254) NOT NULL,
  `is_staff` tinyint(1) NOT NULL,
  `is_active` tinyint(1) NOT NULL,
  `date_joined` datetime(6) NOT NULL,
  PRIMARY KEY (`id`),
  UNIQUE KEY `username` (`username`)
) ENGINE=InnoDB AUTO_INCREMENT=2 DEFAULT CHARSET=latin1;
/*!40101 SET character_set_client = @saved_cs_client */;

--
-- Dumping data for table `auth_user`
--

LOCK TABLES `auth_user` WRITE;
/*!40000 ALTER TABLE `auth_user` DISABLE KEYS */;
INSERT INTO `auth_user` VALUES (1,'pbkdf2_sha256$36000$mmf1lQrkffmF$Z7NFE1cncRFJkb19Be61EYqcEga48R/8mgIxg5IFrew=','2020-12-07 07:45:43.646328',1,'admin','','','adsa@gmail.com',1,1,'2020-12-07 07:45:32.098273');
/*!40000 ALTER TABLE `auth_user` ENABLE KEYS */;
UNLOCK TABLES;

--
-- Table structure for table `auth_user_groups`
--

DROP TABLE IF EXISTS `auth_user_groups`;
/*!40101 SET @saved_cs_client     = @@character_set_client */;
/*!40101 SET character_set_client = utf8 */;
CREATE TABLE `auth_user_groups` (
  `id` int(11) NOT NULL AUTO_INCREMENT,
  `user_id` int(11) NOT NULL,
  `group_id` int(11) NOT NULL,
  PRIMARY KEY (`id`),
  UNIQUE KEY `auth_user_groups_user_id_group_id_94350c0c_uniq` (`user_id`,`group_id`),
  KEY `auth_user_groups_group_id_97559544_fk_auth_group_id` (`group_id`),
  CONSTRAINT `auth_user_groups_group_id_97559544_fk_auth_group_id` FOREIGN KEY (`group_id`) REFERENCES `auth_group` (`id`),
  CONSTRAINT `auth_user_groups_user_id_6a12ed8b_fk_auth_user_id` FOREIGN KEY (`user_id`) REFERENCES `auth_user` (`id`)
) ENGINE=InnoDB DEFAULT CHARSET=latin1;
/*!40101 SET character_set_client = @saved_cs_client */;

--
-- Dumping data for table `auth_user_groups`
--

LOCK TABLES `auth_user_groups` WRITE;
/*!40000 ALTER TABLE `auth_user_groups` DISABLE KEYS */;
/*!40000 ALTER TABLE `auth_user_groups` ENABLE KEYS */;
UNLOCK TABLES;

--
-- Table structure for table `auth_user_user_permissions`
--

DROP TABLE IF EXISTS `auth_user_user_permissions`;
/*!40101 SET @saved_cs_client     = @@character_set_client */;
/*!40101 SET character_set_client = utf8 */;
CREATE TABLE `auth_user_user_permissions` (
  `id` int(11) NOT NULL AUTO_INCREMENT,
  `user_id` int(11) NOT NULL,
  `permission_id` int(11) NOT NULL,
  PRIMARY KEY (`id`),
  UNIQUE KEY `auth_user_user_permissions_user_id_permission_id_14a6b632_uniq` (`user_id`,`permission_id`),
  KEY `auth_user_user_permi_permission_id_1fbb5f2c_fk_auth_perm` (`permission_id`),
  CONSTRAINT `auth_user_user_permi_permission_id_1fbb5f2c_fk_auth_perm` FOREIGN KEY (`permission_id`) REFERENCES `auth_permission` (`id`),
  CONSTRAINT `auth_user_user_permissions_user_id_a95ead1b_fk_auth_user_id` FOREIGN KEY (`user_id`) REFERENCES `auth_user` (`id`)
) ENGINE=InnoDB DEFAULT CHARSET=latin1;
/*!40101 SET character_set_client = @saved_cs_client */;

--
-- Dumping data for table `auth_user_user_permissions`
--

LOCK TABLES `auth_user_user_permissions` WRITE;
/*!40000 ALTER TABLE `auth_user_user_permissions` DISABLE KEYS */;
/*!40000 ALTER TABLE `auth_user_user_permissions` ENABLE KEYS */;
UNLOCK TABLES;

--
-- Table structure for table `authtoken_token`
--

DROP TABLE IF EXISTS `authtoken_token`;
/*!40101 SET @saved_cs_client     = @@character_set_client */;
/*!40101 SET character_set_client = utf8 */;
CREATE TABLE `authtoken_token` (
  `key` varchar(40) NOT NULL,
  `created` datetime(6) NOT NULL,
  `user_id` int(11) NOT NULL,
  PRIMARY KEY (`key`),
  UNIQUE KEY `user_id` (`user_id`),
  CONSTRAINT `authtoken_token_user_id_35299eff_fk_auth_user_id` FOREIGN KEY (`user_id`) REFERENCES `auth_user` (`id`)
) ENGINE=InnoDB DEFAULT CHARSET=latin1;
/*!40101 SET character_set_client = @saved_cs_client */;

--
-- Dumping data for table `authtoken_token`
--

LOCK TABLES `authtoken_token` WRITE;
/*!40000 ALTER TABLE `authtoken_token` DISABLE KEYS */;
/*!40000 ALTER TABLE `authtoken_token` ENABLE KEYS */;
UNLOCK TABLES;

--
-- Table structure for table `django_admin_log`
--

DROP TABLE IF EXISTS `django_admin_log`;
/*!40101 SET @saved_cs_client     = @@character_set_client */;
/*!40101 SET character_set_client = utf8 */;
CREATE TABLE `django_admin_log` (
  `id` int(11) NOT NULL AUTO_INCREMENT,
  `action_time` datetime(6) NOT NULL,
  `object_id` longtext,
  `object_repr` varchar(200) NOT NULL,
  `action_flag` smallint(5) unsigned NOT NULL,
  `change_message` longtext NOT NULL,
  `content_type_id` int(11) DEFAULT NULL,
  `user_id` int(11) NOT NULL,
  PRIMARY KEY (`id`),
  KEY `django_admin_log_content_type_id_c4bce8eb_fk_django_co` (`content_type_id`),
  KEY `django_admin_log_user_id_c564eba6_fk_auth_user_id` (`user_id`),
  CONSTRAINT `django_admin_log_content_type_id_c4bce8eb_fk_django_co` FOREIGN KEY (`content_type_id`) REFERENCES `django_content_type` (`id`),
  CONSTRAINT `django_admin_log_user_id_c564eba6_fk_auth_user_id` FOREIGN KEY (`user_id`) REFERENCES `auth_user` (`id`)
) ENGINE=InnoDB AUTO_INCREMENT=14 DEFAULT CHARSET=latin1;
/*!40101 SET character_set_client = @saved_cs_client */;

--
-- Dumping data for table `django_admin_log`
--

LOCK TABLES `django_admin_log` WRITE;
/*!40000 ALTER TABLE `django_admin_log` DISABLE KEYS */;
INSERT INTO `django_admin_log` VALUES (1,'2020-12-07 07:45:57.727312','1','ProductModel object',1,'[{\"added\": {}}]',7,1),(2,'2020-12-07 08:40:14.638154','1','ProductModel object',2,'[{\"changed\": {\"fields\": [\"product_name\"]}}]',7,1),(3,'2020-12-07 08:42:12.582718','1','ProductModel object',2,'[{\"changed\": {\"fields\": [\"description\"]}}]',7,1),(4,'2020-12-07 08:45:21.497366','1','Image object',2,'[{\"changed\": {\"fields\": [\"src\"]}}]',10,1),(5,'2020-12-07 08:45:28.823358','1','Image object',2,'[{\"changed\": {\"fields\": [\"type\"]}}]',10,1),(6,'2020-12-07 08:47:07.738032','1','ProductModel object',2,'[{\"changed\": {\"fields\": [\"product_name\"]}}]',7,1),(7,'2020-12-07 09:05:58.202801','1','SKU object',2,'[]',14,1),(8,'2020-12-07 09:17:26.169328','1','Image object',2,'[{\"changed\": {\"fields\": [\"src\"]}}]',10,1),(9,'2020-12-07 09:17:44.175986','1','Image object',2,'[{\"changed\": {\"fields\": [\"src\"]}}]',10,1),(10,'2020-12-07 09:18:18.884660','1','SKU object',2,'[{\"changed\": {\"fields\": [\"sku_avatar\"]}}]',14,1),(11,'2020-12-08 04:31:37.353684','1','Review object',1,'[{\"added\": {}}]',11,1),(12,'2020-12-08 04:32:30.348631','1','Account object',2,'[{\"changed\": {\"fields\": [\"avatar\"]}}]',13,1),(13,'2020-12-08 06:36:12.009739','2','ProductModel object',2,'[{\"changed\": {\"fields\": [\"description\"]}}]',7,1);
/*!40000 ALTER TABLE `django_admin_log` ENABLE KEYS */;
UNLOCK TABLES;

--
-- Table structure for table `django_content_type`
--

DROP TABLE IF EXISTS `django_content_type`;
/*!40101 SET @saved_cs_client     = @@character_set_client */;
/*!40101 SET character_set_client = utf8 */;
CREATE TABLE `django_content_type` (
  `id` int(11) NOT NULL AUTO_INCREMENT,
  `app_label` varchar(100) NOT NULL,
  `model` varchar(100) NOT NULL,
  PRIMARY KEY (`id`),
  UNIQUE KEY `django_content_type_app_label_model_76bd3d3b_uniq` (`app_label`,`model`)
) ENGINE=InnoDB AUTO_INCREMENT=18 DEFAULT CHARSET=latin1;
/*!40101 SET character_set_client = @saved_cs_client */;

--
-- Dumping data for table `django_content_type`
--

LOCK TABLES `django_content_type` WRITE;
/*!40000 ALTER TABLE `django_content_type` DISABLE KEYS */;
INSERT INTO `django_content_type` VALUES (13,'account','account'),(1,'admin','logentry'),(2,'auth','group'),(3,'auth','permission'),(4,'auth','user'),(15,'authtoken','token'),(5,'contenttypes','contenttype'),(9,'django_truncate','model1'),(8,'django_truncate','model2'),(10,'image','image'),(16,'order','order'),(17,'product','productimage'),(7,'product','productmodel'),(12,'review','imagereview'),(11,'review','review'),(6,'sessions','session'),(14,'sku','sku');
/*!40000 ALTER TABLE `django_content_type` ENABLE KEYS */;
UNLOCK TABLES;

--
-- Table structure for table `django_migrations`
--

DROP TABLE IF EXISTS `django_migrations`;
/*!40101 SET @saved_cs_client     = @@character_set_client */;
/*!40101 SET character_set_client = utf8 */;
CREATE TABLE `django_migrations` (
  `id` int(11) NOT NULL AUTO_INCREMENT,
  `app` varchar(255) NOT NULL,
  `name` varchar(255) NOT NULL,
  `applied` datetime(6) NOT NULL,
  PRIMARY KEY (`id`)
) ENGINE=InnoDB AUTO_INCREMENT=29 DEFAULT CHARSET=latin1;
/*!40101 SET character_set_client = @saved_cs_client */;

--
-- Dumping data for table `django_migrations`
--

LOCK TABLES `django_migrations` WRITE;
/*!40000 ALTER TABLE `django_migrations` DISABLE KEYS */;
INSERT INTO `django_migrations` VALUES (1,'account','0001_initial','2020-12-07 07:33:49.758786'),(2,'contenttypes','0001_initial','2020-12-07 07:33:50.475155'),(3,'auth','0001_initial','2020-12-07 07:33:59.509743'),(4,'admin','0001_initial','2020-12-07 07:34:01.423732'),(5,'admin','0002_logentry_remove_auto_add','2020-12-07 07:34:01.674744'),(6,'contenttypes','0002_remove_content_type_name','2020-12-07 07:34:03.880433'),(7,'auth','0002_alter_permission_name_max_length','2020-12-07 07:34:04.006036'),(8,'auth','0003_alter_user_email_max_length','2020-12-07 07:34:04.140475'),(9,'auth','0004_alter_user_username_opts','2020-12-07 07:34:04.197823'),(10,'auth','0005_alter_user_last_login_null','2020-12-07 07:34:04.701659'),(11,'auth','0006_require_contenttypes_0002','2020-12-07 07:34:04.743011'),(12,'auth','0007_alter_validators_add_error_messages','2020-12-07 07:34:04.802233'),(13,'auth','0008_alter_user_username_max_length','2020-12-07 07:34:04.985434'),(14,'django_truncate','0001_initial','2020-12-07 07:34:05.647384'),(15,'image','0001_initial','2020-12-07 07:34:05.974708'),(16,'product','0001_initial','2020-12-07 07:34:06.411142'),(17,'review','0001_initial','2020-12-07 07:34:07.027587'),(18,'sessions','0001_initial','2020-12-07 07:34:07.559838'),(19,'product','0002_auto_20201207_0742','2020-12-07 07:42:11.531840'),(20,'product','0003_auto_20201207_0743','2020-12-07 07:43:25.217468'),(21,'sku','0001_initial','2020-12-07 09:05:11.260210'),(22,'sku','0002_sku_sku_avatar','2020-12-07 09:16:17.471125'),(23,'authtoken','0001_initial','2020-12-08 03:34:14.744906'),(24,'image','0002_auto_20201208_0334','2020-12-08 03:34:15.092592'),(25,'review','0002_auto_20201208_0334','2020-12-08 03:34:15.377104'),(26,'order','0001_initial','2020-12-08 07:57:13.795915'),(27,'review','0003_auto_20201209_0708','2020-12-09 07:08:40.300857'),(28,'product','0004_productimage','2020-12-09 08:40:27.967787');
/*!40000 ALTER TABLE `django_migrations` ENABLE KEYS */;
UNLOCK TABLES;

--
-- Table structure for table `django_session`
--

DROP TABLE IF EXISTS `django_session`;
/*!40101 SET @saved_cs_client     = @@character_set_client */;
/*!40101 SET character_set_client = utf8 */;
CREATE TABLE `django_session` (
  `session_key` varchar(40) NOT NULL,
  `session_data` longtext NOT NULL,
  `expire_date` datetime(6) NOT NULL,
  PRIMARY KEY (`session_key`),
  KEY `django_session_expire_date_a5c62663` (`expire_date`)
) ENGINE=InnoDB DEFAULT CHARSET=latin1;
/*!40101 SET character_set_client = @saved_cs_client */;

--
-- Dumping data for table `django_session`
--

LOCK TABLES `django_session` WRITE;
/*!40000 ALTER TABLE `django_session` DISABLE KEYS */;
INSERT INTO `django_session` VALUES ('lzxmubailyzgj9h4a5svgvtnxxrip4v1','Zjk4NzA0NzMwNDEwMWE1NmMxMWY1ZDE1MzFiOWEzMmNlMmI1NTMxYzp7Il9hdXRoX3VzZXJfaGFzaCI6IjU0MjM2ZWE2MjQ5MGNmOWQyNDI0NzQ2N2MyN2IwNmYzMTQ4YTkxOGYiLCJfYXV0aF91c2VyX2JhY2tlbmQiOiJkamFuZ28uY29udHJpYi5hdXRoLmJhY2tlbmRzLk1vZGVsQmFja2VuZCIsIl9hdXRoX3VzZXJfaWQiOiIxIn0=','2020-12-21 07:45:43.688212');
/*!40000 ALTER TABLE `django_session` ENABLE KEYS */;
UNLOCK TABLES;

--
-- Table structure for table `django_truncate_model1`
--

DROP TABLE IF EXISTS `django_truncate_model1`;
/*!40101 SET @saved_cs_client     = @@character_set_client */;
/*!40101 SET character_set_client = utf8 */;
CREATE TABLE `django_truncate_model1` (
  `id` int(11) NOT NULL AUTO_INCREMENT,
  `name` varchar(200) NOT NULL,
  `age` int(11) NOT NULL,
  PRIMARY KEY (`id`)
) ENGINE=InnoDB DEFAULT CHARSET=latin1;
/*!40101 SET character_set_client = @saved_cs_client */;

--
-- Dumping data for table `django_truncate_model1`
--

LOCK TABLES `django_truncate_model1` WRITE;
/*!40000 ALTER TABLE `django_truncate_model1` DISABLE KEYS */;
/*!40000 ALTER TABLE `django_truncate_model1` ENABLE KEYS */;
UNLOCK TABLES;

--
-- Table structure for table `django_truncate_model2`
--

DROP TABLE IF EXISTS `django_truncate_model2`;
/*!40101 SET @saved_cs_client     = @@character_set_client */;
/*!40101 SET character_set_client = utf8 */;
CREATE TABLE `django_truncate_model2` (
  `id` int(11) NOT NULL AUTO_INCREMENT,
  `name` varchar(200) NOT NULL,
  `value` double NOT NULL,
  PRIMARY KEY (`id`)
) ENGINE=InnoDB DEFAULT CHARSET=latin1;
/*!40101 SET character_set_client = @saved_cs_client */;

--
-- Dumping data for table `django_truncate_model2`
--

LOCK TABLES `django_truncate_model2` WRITE;
/*!40000 ALTER TABLE `django_truncate_model2` DISABLE KEYS */;
/*!40000 ALTER TABLE `django_truncate_model2` ENABLE KEYS */;
UNLOCK TABLES;

--
-- Table structure for table `image_image`
--

DROP TABLE IF EXISTS `image_image`;
/*!40101 SET @saved_cs_client     = @@character_set_client */;
/*!40101 SET character_set_client = utf8 */;
CREATE TABLE `image_image` (
  `id` int(11) NOT NULL AUTO_INCREMENT,
  `src` varchar(255) COLLATE utf8_unicode_ci NOT NULL,
  `size` double NOT NULL,
  `type` varchar(255) COLLATE utf8_unicode_ci NOT NULL,
  `created_time` time(6) NOT NULL,
  `product_id` int(11) NOT NULL,
  PRIMARY KEY (`id`)
) ENGINE=InnoDB AUTO_INCREMENT=3 DEFAULT CHARSET=utf8 COLLATE=utf8_unicode_ci;
/*!40101 SET character_set_client = @saved_cs_client */;

--
-- Dumping data for table `image_image`
--

LOCK TABLES `image_image` WRITE;
/*!40000 ALTER TABLE `image_image` DISABLE KEYS */;
INSERT INTO `image_image` VALUES (1,'https://salt.tikicdn.com/cache/w444/ts/product/62/95/10/4c398ea633e656d39abf5881387ef15d.jpg',11,'test','00:00:00.000000',1),(2,'https://salt.tikicdn.com/cache/w444/ts/product/b8/7b/73/56e242a87366e2f2ea1316a28b94b06a.jpg',11,'test','00:00:00.000000',2);
/*!40000 ALTER TABLE `image_image` ENABLE KEYS */;
UNLOCK TABLES;

--
-- Table structure for table `order_order`
--

DROP TABLE IF EXISTS `order_order`;
/*!40101 SET @saved_cs_client     = @@character_set_client */;
/*!40101 SET character_set_client = utf8 */;
CREATE TABLE `order_order` (
  `id` int(11) NOT NULL AUTO_INCREMENT,
  `account_id` int(11) NOT NULL,
  `product_in_order` longtext NOT NULL,
  `address` longtext NOT NULL,
  PRIMARY KEY (`id`)
) ENGINE=InnoDB AUTO_INCREMENT=39 DEFAULT CHARSET=latin1;
/*!40101 SET character_set_client = @saved_cs_client */;

--
-- Dumping data for table `order_order`
--

LOCK TABLES `order_order` WRITE;
/*!40000 ALTER TABLE `order_order` DISABLE KEYS */;
INSERT INTO `order_order` VALUES (25,1,'[{\"sku\": {\"sku_name\": \"Group Case TTM\", \"sku_avatar\": \"https://salt.tikicdn.com/cache/w220/ts/seller/35/03/f4/faa07c5e9a861171fb2210063007483b.jpg\", \"id\": 1}, \"rating\": 0, \"sku_id\": 1, \"description\": \"<div>Lo\\u1ea1i Tivi:Smart Tivi, 43 inch<br>\\r\\n\\u0110\\u1ed9 ph\\u00e2n gi\\u1ea3i: 4K Ultra HD (3840 x 2160px)<br>\\r\\nT\\u1ea7n s\\u1ed1 qu\\u00e9t: TM100 (Refresh rate 50Hz)<br>\\r\\nH\\u1ec7 \\u0111i\\u1ec1u h\\u00e0nh: webOS Smart TV<br>\\r\\nC\\u00e1c \\u1ee9ng d\\u1ee5ng s\\u1eb5n c\\u00f3: Youtube, Netflix, Tr\\u00ecnh duy\\u1ec7t web, LG Content Store<br>\\r\\nC\\u00e1c \\u1ee9ng d\\u1ee5ng c\\u00f3 th\\u1ec3 t\\u1ea3i th\\u00eam\\t: FPT Play, ClipTV, Fim+, MyTV, Nhaccuatui, THVLi, HTV, Spotify, Zing TV<br>\\r\\nC\\u00f4ng ngh\\u1ec7 x\\u1eed l\\u00fd h\\u00ecnh \\u1ea3nh: HDR10 Pro, 4K Upscaler, 4K Active HDR, True Color Accuracy<br>\\r\\n\\u0110i\\u1ec1u khi\\u1ec3n tivi b\\u1eb1ng \\u0111i\\u1ec7n tho\\u1ea1i: B\\u1eb1ng \\u1ee9ng d\\u1ee5ng LG TV Plus<br><h5>Thi\\u1ebft k\\u1ebf \\u0111\\u01a1n gi\\u1ea3n, thanh l\\u1ecbch</h5>\\r\\n<p><strong>Smart Tivi LG 4K 43 inch 43UM7400PTA</strong>&nbsp;c\\u00f3 thi\\u1ebft k\\u1ebf t\\u1ed1i gi\\u1ea3n v\\u1edbi vi\\u1ec1n m\\u00e0n h\\u00ecnh m\\u1ecfng, tinh t\\u1ebf gi\\u00fap d\\u1ec5 d\\u00e0ng h\\u00f2a h\\u1ee3p v\\u1edbi b\\u1ea5t k\\u00ec kh\\u00f4ng gian n\\u1ed9i th\\u1ea5t n\\u00e0o. K\\u00edch th\\u01b0\\u1edbc m\\u00e0n h\\u00ecnh 43 inch v\\u1eeba ph\\u1ea3i s\\u1ebd l\\u00e0 l\\u1ef1a ch\\u1ecdn th\\u00edch h\\u1ee3p cho c\\u00e1c kh\\u00f4ng gian v\\u1eeba v\\u00e0 nh\\u1ecf nh\\u01b0 ph\\u00f2ng \\u0103n, ph\\u00f2ng ng\\u1ee7, ph\\u00f2ng l\\u00e0m vi\\u1ec7c,\\u2026</p>\\r\\n<p><img src=\\\"https://salt.tikicdn.com/ts/tmp/5f/a3/13/634c1b86dbcf772b480d14fb148d907d.jpg\\\" alt=\\\"Smart Tivi LG 43 inch 4K UHD 43UM7400PTA - H\\u00e0ng Ch\\u00ednh H\\u00e3ng\\\" width=\\\"750\\\" height=\\\"500\\\"></p>\\r\\n<h5>Tr\\u00ed th\\u00f4ng minh m\\u1edbi ph\\u00e1t tri\\u1ec3n b\\u1edfi AI</h5>\\r\\n<p>V\\u1edbi LG ThinQ AI, b\\u1ea1n c\\u00f3 th\\u1ec3 th\\u1ef1c hi\\u1ec7n r\\u1ea5t nhi\\u1ec1u \\u0111i\\u1ec1u ch\\u1ec9 v\\u1edbi gi\\u1ecdng n\\u00f3i c\\u1ee7a m\\u00ecnh. Ti\\u1ebfp t\\u1ee5c h\\u1ed9i tho\\u1ea1i v\\u1edbi kh\\u1ea3 n\\u0103ng nh\\u1eadn d\\u1ea1ng gi\\u1ecdng n\\u00f3i v\\u00e0 c\\u00f3 \\u0111\\u01b0\\u1ee3c c\\u00e1c \\u0111\\u1ec1 xu\\u1ea5t cho n\\u1ed9i dung t\\u00f9y ch\\u1ec9nh d\\u1ef1a tr\\u00ean th\\u00f3i quen xem TV c\\u1ee7a b\\u1ea1n.</p>\\r\\n<h5>\\u0110\\u1ed9 ph\\u00e2n gi\\u1ea3i 4K, M\\u1ed9t ti\\u00eau chu\\u1ea9n cao m\\u1edbi</h5>\\r\\n<p>Tr\\u1ea3i nghi\\u1ec7m h\\u00ecnh \\u1ea3nh 4K ch\\u00e2n th\\u1ef1c h\\u01a1n v\\u1edbi \\u0111\\u1ed9 chi ti\\u1ebft tuy\\u1ec7t \\u0111\\u1eb9p v\\u00e0 m\\u00e0u s\\u1eafc s\\u1ed1ng \\u0111\\u1ed9ng tr\\u00ean m\\u00e0n h\\u00ecnh IPS c\\u00f3 \\u0111\\u1ed9 ph\\u00e2n gi\\u1ea3i cao g\\u1ea5p b\\u1ed1n l\\u1ea7n so v\\u1edbi Full HD.</p>\\r\\n<p><img src=\\\"https://salt.tikicdn.com/ts/tmp/98/62/24/5da7dd23f9cb87fafce19eb63edd5526.jpg\\\" alt=\\\"Smart Tivi LG 65 inch 4K UHD 65UM7400PTA - H\\u00e0ng Ch\\u00ednh H\\u00e3ng\\\" width=\\\"750\\\" height=\\\"500\\\"></p>\\r\\n<p><img src=\\\"https://salt.tikicdn.com/ts/tmp/2e/6d/c2/992d4e29c4ad89b21fab605b9cdb57b3.jpg\\\" alt=\\\"Smart Tivi LG 65 inch 4K UHD 65UM7400PTA - H\\u00e0ng Ch\\u00ednh H\\u00e3ng\\\" width=\\\"750\\\" height=\\\"500\\\"></p>\\r\\n<h5>H\\u00ecnh \\u1ea3nh lu\\u00f4n s\\u1eafc n\\u00e9t k\\u1ec3 c\\u1ea3 v\\u1edbi g\\u00f3c xem r\\u1ed9ng</h5>\\r\\n<p>Cho d\\u00f9 b\\u1ea1n ng\\u1ed3i ch\\u1ed7 n\\u00e0o, g\\u00f3c xem r\\u1ed9ng c\\u1ee7a t\\u1ea5m n\\u1ec1n IPS 4K gi\\u00fap hi\\u1ec3n th\\u1ecb \\u0111\\u1ed9 ch\\u00ednh x\\u00e1c m\\u00e0u g\\u1ea7n nh\\u01b0 100%, th\\u1eadm ch\\u00ed t\\u1eeb g\\u00f3c xem 60 \\u0111\\u1ed9.</p>\\r\\n<p><img src=\\\"https://salt.tikicdn.com/ts/tmp/b5/a8/ed/2fbfb1cb341e1d749fbe5f91d2f049a8.jpg\\\" alt=\\\"Smart Tivi LG 65 inch 4K UHD 65UM7400PTA - H\\u00e0ng Ch\\u00ednh H\\u00e3ng\\\" width=\\\"750\\\" height=\\\"500\\\"></p>\\r\\n<h5>M\\u00e0u s\\u1eafc trung th\\u1ef1c ch\\u00ednh x\\u00e1c</h5>\\r\\n<p>S\\u1ef1 kh\\u00e1c bi\\u1ec7t m\\u00e0u s\\u1eafc nh\\u1ecf nh\\u1ea5t \\u0111\\u01b0\\u1ee3c ph\\u1ea3n \\u00e1nh ch\\u00ednh x\\u00e1c \\u0111\\u1ec3 mang \\u0111\\u1ebfn \\u0111\\u1ed9 s\\u1eafc n\\u00e9t h\\u01a1n, phong ph\\u00fa h\\u01a1n v\\u00e0 trung th\\u1ef1c h\\u01a1n.</p>\\r\\n<p><img src=\\\"https://salt.tikicdn.com/ts/tmp/a1/f1/72/984254ea1bd97e0db77b14bd6ca7215d.jpg\\\" alt=\\\"Smart Tivi LG 65 inch 4K UHD 65UM7400PTA - H\\u00e0ng Ch\\u00ednh H\\u00e3ng\\\" width=\\\"750\\\" height=\\\"500\\\"></p>\\r\\n<h5>4K Cinema HDR truy\\u1ec1n t\\u1ea3i tr\\u1ecdn v\\u1eb9n \\u00fd t\\u01b0\\u1edfng \\u0111\\u1ea1o di\\u1ec5n</h5>\\r\\n<p>4K Cinema HDR c\\u1ee7a LG mang \\u0111\\u1ebfn h\\u00ecnh \\u1ea3nh c\\u1ee7a nh\\u00e0 l\\u00e0m phim b\\u1eb1ng vi\\u1ec7c h\\u1ed7 tr\\u1ee3 h\\u1ea7u h\\u1ebft c\\u00e1c \\u0111\\u1ecbnh d\\u1ea1ng HDR. \\u0110\\u1eafm ch\\u00ecm trong kh\\u00f4ng gian \\u0111i\\u1ec7n \\u1ea3nh v\\u1edbi c\\u00e1c \\u0111\\u1ecbnh d\\u1ea1ng HDR ch\\u00ednh bao g\\u1ed3m Advanced HDR c\\u1ee7a Techncolor v\\u00e0 HDR10 Pro.</p>\\r\\n<p><img src=\\\"https://salt.tikicdn.com/ts/tmp/31/a8/30/b875bac909639f43f432acd168d844cc.jpg\\\" alt=\\\"Smart Tivi LG 65 inch 4K UHD 65UM7400PTA - H\\u00e0ng Ch\\u00ednh H\\u00e3ng\\\" width=\\\"750\\\" height=\\\"500\\\"></p>\\r\\n<h5>Dolby Vision &amp; Atmos Tr\\u1ea3i nghi\\u1ec7m \\u0111i\\u1ec7n \\u1ea3nh t\\u1ea1i gia</h5>\\r\\n<p>Dolby bi\\u1ebfn ng\\u00f4i nh\\u00e0 b\\u1ea1n th\\u00e0nh m\\u1ed9t \\u0111\\u1ecba \\u0111i\\u1ec3m gi\\u1ea3i tr\\u00ed v\\u1edbi h\\u00ecnh \\u1ea3nh v\\u00e0 \\u00e2m thanh HDR d\\u00e0nh cho \\u0111i\\u1ec7n \\u1ea3nh.</p>\\r\\n<p><img src=\\\"https://salt.tikicdn.com/ts/tmp/69/b1/8b/9fbd4bc25fd47ca2231e96e9261c7757.jpg\\\" alt=\\\"Smart Tivi LG 65 inch 4K UHD 65UM7400PTA - H\\u00e0ng Ch\\u00ednh H\\u00e3ng\\\" width=\\\"750\\\" height=\\\"500\\\"></p>\\r\\n<h5>\\u0110\\u1eafm ch\\u00ecm v\\u00e0o \\u00e2m thanh si\\u00eau v\\u00f2m</h5>\\r\\n<p>M\\u1ed9t tr\\u1ea3i nghi\\u1ec7m gi\\u1ea3i tr\\u00ed ng\\u1eadp tr\\u00e0n h\\u01a1n v\\u1edbi \\u00e2m thanh \\u0111\\u1ebfn t\\u1eeb k\\u00eanh \\u00e2m thanh \\u1ea3o.</p>\\r\\n<p><img src=\\\"https://salt.tikicdn.com/ts/tmp/d6/0e/95/d041242eb3df55cd15b4bd3f4af4d149.jpg\\\" alt=\\\"Smart Tivi LG 65 inch 4K UHD 65UM7400PTA - H\\u00e0ng Ch\\u00ednh H\\u00e3ng\\\" width=\\\"750\\\" height=\\\"500\\\"></p><p>Gi\\u00e1 s\\u1ea3n ph\\u1ea9m tr\\u00ean Tiki \\u0111\\u00e3 bao g\\u1ed3m thu\\u1ebf theo lu\\u1eadt hi\\u1ec7n h\\u00e0nh. Tuy nhi\\u00ean tu\\u1ef3 v\\u00e0o t\\u1eebng lo\\u1ea1i s\\u1ea3n ph\\u1ea9m ho\\u1eb7c ph\\u01b0\\u01a1ng th\\u1ee9c, \\u0111\\u1ecba ch\\u1ec9 giao h\\u00e0ng m\\u00e0 c\\u00f3 th\\u1ec3 ph\\u00e1t sinh th\\u00eam chi ph\\u00ed kh\\u00e1c nh\\u01b0 ph\\u00ed v\\u1eadn chuy\\u1ec3n, ph\\u1ee5 ph\\u00ed h\\u00e0ng c\\u1ed3ng k\\u1ec1nh, ...</p></div>\", \"unit_in_order\": 10, \"product_price\": 100000, \"id\": 1, \"reviews\": [{\"comment\": \"test\", \"account\": {\"email\": \"test@gmail.com\", \"password\": \"123\", \"holder_name\": \"123\", \"id\": 1, \"avatar\": \"https://hedieuhanh.com/wp-content/uploads/2019/08/anh-avatar-buc-minh-cuc-hai-huoc.jpg\"}, \"product_id\": 1, \"time_created\": \"2020-12-08T03:43:34Z\", \"rating_level\": 5, \"id\": 1, \"account_id\": 1}], \"discount\": 10, \"unit_in_stock\": 100, \"images\": [{\"src\": \"https://salt.tikicdn.com/cache/w444/ts/product/62/95/10/4c398ea633e656d39abf5881387ef15d.jpg\", \"product_id\": 1, \"created_time\": \"00:00:00\", \"type\": \"test\", \"id\": 1, \"size\": 11}], \"category_id\": 0, \"product_name\": \"Smart Tivi Samsung HD 32 inch UA32N4300A\", \"quantity\": 12}]','234234'),(26,1,'[{\"sku\": {\"sku_name\": \"Group Case TTM\", \"sku_avatar\": \"https://salt.tikicdn.com/cache/w220/ts/seller/35/03/f4/faa07c5e9a861171fb2210063007483b.jpg\", \"id\": 1}, \"rating\": 0, \"sku_id\": 1, \"description\": \"<div>Lo\\u1ea1i Tivi:Smart Tivi, 43 inch<br>\\r\\n\\u0110\\u1ed9 ph\\u00e2n gi\\u1ea3i: 4K Ultra HD (3840 x 2160px)<br>\\r\\nT\\u1ea7n s\\u1ed1 qu\\u00e9t: TM100 (Refresh rate 50Hz)<br>\\r\\nH\\u1ec7 \\u0111i\\u1ec1u h\\u00e0nh: webOS Smart TV<br>\\r\\nC\\u00e1c \\u1ee9ng d\\u1ee5ng s\\u1eb5n c\\u00f3: Youtube, Netflix, Tr\\u00ecnh duy\\u1ec7t web, LG Content Store<br>\\r\\nC\\u00e1c \\u1ee9ng d\\u1ee5ng c\\u00f3 th\\u1ec3 t\\u1ea3i th\\u00eam\\t: FPT Play, ClipTV, Fim+, MyTV, Nhaccuatui, THVLi, HTV, Spotify, Zing TV<br>\\r\\nC\\u00f4ng ngh\\u1ec7 x\\u1eed l\\u00fd h\\u00ecnh \\u1ea3nh: HDR10 Pro, 4K Upscaler, 4K Active HDR, True Color Accuracy<br>\\r\\n\\u0110i\\u1ec1u khi\\u1ec3n tivi b\\u1eb1ng \\u0111i\\u1ec7n tho\\u1ea1i: B\\u1eb1ng \\u1ee9ng d\\u1ee5ng LG TV Plus<br><h5>Thi\\u1ebft k\\u1ebf \\u0111\\u01a1n gi\\u1ea3n, thanh l\\u1ecbch</h5>\\r\\n<p><strong>Smart Tivi LG 4K 43 inch 43UM7400PTA</strong>&nbsp;c\\u00f3 thi\\u1ebft k\\u1ebf t\\u1ed1i gi\\u1ea3n v\\u1edbi vi\\u1ec1n m\\u00e0n h\\u00ecnh m\\u1ecfng, tinh t\\u1ebf gi\\u00fap d\\u1ec5 d\\u00e0ng h\\u00f2a h\\u1ee3p v\\u1edbi b\\u1ea5t k\\u00ec kh\\u00f4ng gian n\\u1ed9i th\\u1ea5t n\\u00e0o. K\\u00edch th\\u01b0\\u1edbc m\\u00e0n h\\u00ecnh 43 inch v\\u1eeba ph\\u1ea3i s\\u1ebd l\\u00e0 l\\u1ef1a ch\\u1ecdn th\\u00edch h\\u1ee3p cho c\\u00e1c kh\\u00f4ng gian v\\u1eeba v\\u00e0 nh\\u1ecf nh\\u01b0 ph\\u00f2ng \\u0103n, ph\\u00f2ng ng\\u1ee7, ph\\u00f2ng l\\u00e0m vi\\u1ec7c,\\u2026</p>\\r\\n<p><img src=\\\"https://salt.tikicdn.com/ts/tmp/5f/a3/13/634c1b86dbcf772b480d14fb148d907d.jpg\\\" alt=\\\"Smart Tivi LG 43 inch 4K UHD 43UM7400PTA - H\\u00e0ng Ch\\u00ednh H\\u00e3ng\\\" width=\\\"750\\\" height=\\\"500\\\"></p>\\r\\n<h5>Tr\\u00ed th\\u00f4ng minh m\\u1edbi ph\\u00e1t tri\\u1ec3n b\\u1edfi AI</h5>\\r\\n<p>V\\u1edbi LG ThinQ AI, b\\u1ea1n c\\u00f3 th\\u1ec3 th\\u1ef1c hi\\u1ec7n r\\u1ea5t nhi\\u1ec1u \\u0111i\\u1ec1u ch\\u1ec9 v\\u1edbi gi\\u1ecdng n\\u00f3i c\\u1ee7a m\\u00ecnh. Ti\\u1ebfp t\\u1ee5c h\\u1ed9i tho\\u1ea1i v\\u1edbi kh\\u1ea3 n\\u0103ng nh\\u1eadn d\\u1ea1ng gi\\u1ecdng n\\u00f3i v\\u00e0 c\\u00f3 \\u0111\\u01b0\\u1ee3c c\\u00e1c \\u0111\\u1ec1 xu\\u1ea5t cho n\\u1ed9i dung t\\u00f9y ch\\u1ec9nh d\\u1ef1a tr\\u00ean th\\u00f3i quen xem TV c\\u1ee7a b\\u1ea1n.</p>\\r\\n<h5>\\u0110\\u1ed9 ph\\u00e2n gi\\u1ea3i 4K, M\\u1ed9t ti\\u00eau chu\\u1ea9n cao m\\u1edbi</h5>\\r\\n<p>Tr\\u1ea3i nghi\\u1ec7m h\\u00ecnh \\u1ea3nh 4K ch\\u00e2n th\\u1ef1c h\\u01a1n v\\u1edbi \\u0111\\u1ed9 chi ti\\u1ebft tuy\\u1ec7t \\u0111\\u1eb9p v\\u00e0 m\\u00e0u s\\u1eafc s\\u1ed1ng \\u0111\\u1ed9ng tr\\u00ean m\\u00e0n h\\u00ecnh IPS c\\u00f3 \\u0111\\u1ed9 ph\\u00e2n gi\\u1ea3i cao g\\u1ea5p b\\u1ed1n l\\u1ea7n so v\\u1edbi Full HD.</p>\\r\\n<p><img src=\\\"https://salt.tikicdn.com/ts/tmp/98/62/24/5da7dd23f9cb87fafce19eb63edd5526.jpg\\\" alt=\\\"Smart Tivi LG 65 inch 4K UHD 65UM7400PTA - H\\u00e0ng Ch\\u00ednh H\\u00e3ng\\\" width=\\\"750\\\" height=\\\"500\\\"></p>\\r\\n<p><img src=\\\"https://salt.tikicdn.com/ts/tmp/2e/6d/c2/992d4e29c4ad89b21fab605b9cdb57b3.jpg\\\" alt=\\\"Smart Tivi LG 65 inch 4K UHD 65UM7400PTA - H\\u00e0ng Ch\\u00ednh H\\u00e3ng\\\" width=\\\"750\\\" height=\\\"500\\\"></p>\\r\\n<h5>H\\u00ecnh \\u1ea3nh lu\\u00f4n s\\u1eafc n\\u00e9t k\\u1ec3 c\\u1ea3 v\\u1edbi g\\u00f3c xem r\\u1ed9ng</h5>\\r\\n<p>Cho d\\u00f9 b\\u1ea1n ng\\u1ed3i ch\\u1ed7 n\\u00e0o, g\\u00f3c xem r\\u1ed9ng c\\u1ee7a t\\u1ea5m n\\u1ec1n IPS 4K gi\\u00fap hi\\u1ec3n th\\u1ecb \\u0111\\u1ed9 ch\\u00ednh x\\u00e1c m\\u00e0u g\\u1ea7n nh\\u01b0 100%, th\\u1eadm ch\\u00ed t\\u1eeb g\\u00f3c xem 60 \\u0111\\u1ed9.</p>\\r\\n<p><img src=\\\"https://salt.tikicdn.com/ts/tmp/b5/a8/ed/2fbfb1cb341e1d749fbe5f91d2f049a8.jpg\\\" alt=\\\"Smart Tivi LG 65 inch 4K UHD 65UM7400PTA - H\\u00e0ng Ch\\u00ednh H\\u00e3ng\\\" width=\\\"750\\\" height=\\\"500\\\"></p>\\r\\n<h5>M\\u00e0u s\\u1eafc trung th\\u1ef1c ch\\u00ednh x\\u00e1c</h5>\\r\\n<p>S\\u1ef1 kh\\u00e1c bi\\u1ec7t m\\u00e0u s\\u1eafc nh\\u1ecf nh\\u1ea5t \\u0111\\u01b0\\u1ee3c ph\\u1ea3n \\u00e1nh ch\\u00ednh x\\u00e1c \\u0111\\u1ec3 mang \\u0111\\u1ebfn \\u0111\\u1ed9 s\\u1eafc n\\u00e9t h\\u01a1n, phong ph\\u00fa h\\u01a1n v\\u00e0 trung th\\u1ef1c h\\u01a1n.</p>\\r\\n<p><img src=\\\"https://salt.tikicdn.com/ts/tmp/a1/f1/72/984254ea1bd97e0db77b14bd6ca7215d.jpg\\\" alt=\\\"Smart Tivi LG 65 inch 4K UHD 65UM7400PTA - H\\u00e0ng Ch\\u00ednh H\\u00e3ng\\\" width=\\\"750\\\" height=\\\"500\\\"></p>\\r\\n<h5>4K Cinema HDR truy\\u1ec1n t\\u1ea3i tr\\u1ecdn v\\u1eb9n \\u00fd t\\u01b0\\u1edfng \\u0111\\u1ea1o di\\u1ec5n</h5>\\r\\n<p>4K Cinema HDR c\\u1ee7a LG mang \\u0111\\u1ebfn h\\u00ecnh \\u1ea3nh c\\u1ee7a nh\\u00e0 l\\u00e0m phim b\\u1eb1ng vi\\u1ec7c h\\u1ed7 tr\\u1ee3 h\\u1ea7u h\\u1ebft c\\u00e1c \\u0111\\u1ecbnh d\\u1ea1ng HDR. \\u0110\\u1eafm ch\\u00ecm trong kh\\u00f4ng gian \\u0111i\\u1ec7n \\u1ea3nh v\\u1edbi c\\u00e1c \\u0111\\u1ecbnh d\\u1ea1ng HDR ch\\u00ednh bao g\\u1ed3m Advanced HDR c\\u1ee7a Techncolor v\\u00e0 HDR10 Pro.</p>\\r\\n<p><img src=\\\"https://salt.tikicdn.com/ts/tmp/31/a8/30/b875bac909639f43f432acd168d844cc.jpg\\\" alt=\\\"Smart Tivi LG 65 inch 4K UHD 65UM7400PTA - H\\u00e0ng Ch\\u00ednh H\\u00e3ng\\\" width=\\\"750\\\" height=\\\"500\\\"></p>\\r\\n<h5>Dolby Vision &amp; Atmos Tr\\u1ea3i nghi\\u1ec7m \\u0111i\\u1ec7n \\u1ea3nh t\\u1ea1i gia</h5>\\r\\n<p>Dolby bi\\u1ebfn ng\\u00f4i nh\\u00e0 b\\u1ea1n th\\u00e0nh m\\u1ed9t \\u0111\\u1ecba \\u0111i\\u1ec3m gi\\u1ea3i tr\\u00ed v\\u1edbi h\\u00ecnh \\u1ea3nh v\\u00e0 \\u00e2m thanh HDR d\\u00e0nh cho \\u0111i\\u1ec7n \\u1ea3nh.</p>\\r\\n<p><img src=\\\"https://salt.tikicdn.com/ts/tmp/69/b1/8b/9fbd4bc25fd47ca2231e96e9261c7757.jpg\\\" alt=\\\"Smart Tivi LG 65 inch 4K UHD 65UM7400PTA - H\\u00e0ng Ch\\u00ednh H\\u00e3ng\\\" width=\\\"750\\\" height=\\\"500\\\"></p>\\r\\n<h5>\\u0110\\u1eafm ch\\u00ecm v\\u00e0o \\u00e2m thanh si\\u00eau v\\u00f2m</h5>\\r\\n<p>M\\u1ed9t tr\\u1ea3i nghi\\u1ec7m gi\\u1ea3i tr\\u00ed ng\\u1eadp tr\\u00e0n h\\u01a1n v\\u1edbi \\u00e2m thanh \\u0111\\u1ebfn t\\u1eeb k\\u00eanh \\u00e2m thanh \\u1ea3o.</p>\\r\\n<p><img src=\\\"https://salt.tikicdn.com/ts/tmp/d6/0e/95/d041242eb3df55cd15b4bd3f4af4d149.jpg\\\" alt=\\\"Smart Tivi LG 65 inch 4K UHD 65UM7400PTA - H\\u00e0ng Ch\\u00ednh H\\u00e3ng\\\" width=\\\"750\\\" height=\\\"500\\\"></p><p>Gi\\u00e1 s\\u1ea3n ph\\u1ea9m tr\\u00ean Tiki \\u0111\\u00e3 bao g\\u1ed3m thu\\u1ebf theo lu\\u1eadt hi\\u1ec7n h\\u00e0nh. Tuy nhi\\u00ean tu\\u1ef3 v\\u00e0o t\\u1eebng lo\\u1ea1i s\\u1ea3n ph\\u1ea9m ho\\u1eb7c ph\\u01b0\\u01a1ng th\\u1ee9c, \\u0111\\u1ecba ch\\u1ec9 giao h\\u00e0ng m\\u00e0 c\\u00f3 th\\u1ec3 ph\\u00e1t sinh th\\u00eam chi ph\\u00ed kh\\u00e1c nh\\u01b0 ph\\u00ed v\\u1eadn chuy\\u1ec3n, ph\\u1ee5 ph\\u00ed h\\u00e0ng c\\u1ed3ng k\\u1ec1nh, ...</p></div>\", \"unit_in_order\": 10, \"product_price\": 100000, \"id\": 1, \"reviews\": [{\"comment\": \"test\", \"account\": {\"email\": \"test@gmail.com\", \"password\": \"123\", \"holder_name\": \"123\", \"id\": 1, \"avatar\": \"https://hedieuhanh.com/wp-content/uploads/2019/08/anh-avatar-buc-minh-cuc-hai-huoc.jpg\"}, \"product_id\": 1, \"time_created\": \"2020-12-08T03:43:34Z\", \"rating_level\": 5, \"id\": 1, \"account_id\": 1}], \"discount\": 10, \"unit_in_stock\": 100, \"images\": [{\"src\": \"https://salt.tikicdn.com/cache/w444/ts/product/62/95/10/4c398ea633e656d39abf5881387ef15d.jpg\", \"product_id\": 1, \"created_time\": \"00:00:00\", \"type\": \"test\", \"id\": 1, \"size\": 11}], \"category_id\": 0, \"product_name\": \"Smart Tivi Samsung HD 32 inch UA32N4300A\", \"quantity\": 12}]','234234'),(27,1,'[{\"sku\": {\"sku_name\": \"Group Case TTM\", \"sku_avatar\": \"https://salt.tikicdn.com/cache/w220/ts/seller/35/03/f4/faa07c5e9a861171fb2210063007483b.jpg\", \"id\": 1}, \"rating\": 0, \"sku_id\": 1, \"description\": \"<div>Lo\\u1ea1i Tivi:Smart Tivi, 43 inch<br>\\r\\n\\u0110\\u1ed9 ph\\u00e2n gi\\u1ea3i: 4K Ultra HD (3840 x 2160px)<br>\\r\\nT\\u1ea7n s\\u1ed1 qu\\u00e9t: TM100 (Refresh rate 50Hz)<br>\\r\\nH\\u1ec7 \\u0111i\\u1ec1u h\\u00e0nh: webOS Smart TV<br>\\r\\nC\\u00e1c \\u1ee9ng d\\u1ee5ng s\\u1eb5n c\\u00f3: Youtube, Netflix, Tr\\u00ecnh duy\\u1ec7t web, LG Content Store<br>\\r\\nC\\u00e1c \\u1ee9ng d\\u1ee5ng c\\u00f3 th\\u1ec3 t\\u1ea3i th\\u00eam\\t: FPT Play, ClipTV, Fim+, MyTV, Nhaccuatui, THVLi, HTV, Spotify, Zing TV<br>\\r\\nC\\u00f4ng ngh\\u1ec7 x\\u1eed l\\u00fd h\\u00ecnh \\u1ea3nh: HDR10 Pro, 4K Upscaler, 4K Active HDR, True Color Accuracy<br>\\r\\n\\u0110i\\u1ec1u khi\\u1ec3n tivi b\\u1eb1ng \\u0111i\\u1ec7n tho\\u1ea1i: B\\u1eb1ng \\u1ee9ng d\\u1ee5ng LG TV Plus<br><h5>Thi\\u1ebft k\\u1ebf \\u0111\\u01a1n gi\\u1ea3n, thanh l\\u1ecbch</h5>\\r\\n<p><strong>Smart Tivi LG 4K 43 inch 43UM7400PTA</strong>&nbsp;c\\u00f3 thi\\u1ebft k\\u1ebf t\\u1ed1i gi\\u1ea3n v\\u1edbi vi\\u1ec1n m\\u00e0n h\\u00ecnh m\\u1ecfng, tinh t\\u1ebf gi\\u00fap d\\u1ec5 d\\u00e0ng h\\u00f2a h\\u1ee3p v\\u1edbi b\\u1ea5t k\\u00ec kh\\u00f4ng gian n\\u1ed9i th\\u1ea5t n\\u00e0o. K\\u00edch th\\u01b0\\u1edbc m\\u00e0n h\\u00ecnh 43 inch v\\u1eeba ph\\u1ea3i s\\u1ebd l\\u00e0 l\\u1ef1a ch\\u1ecdn th\\u00edch h\\u1ee3p cho c\\u00e1c kh\\u00f4ng gian v\\u1eeba v\\u00e0 nh\\u1ecf nh\\u01b0 ph\\u00f2ng \\u0103n, ph\\u00f2ng ng\\u1ee7, ph\\u00f2ng l\\u00e0m vi\\u1ec7c,\\u2026</p>\\r\\n<p><img src=\\\"https://salt.tikicdn.com/ts/tmp/5f/a3/13/634c1b86dbcf772b480d14fb148d907d.jpg\\\" alt=\\\"Smart Tivi LG 43 inch 4K UHD 43UM7400PTA - H\\u00e0ng Ch\\u00ednh H\\u00e3ng\\\" width=\\\"750\\\" height=\\\"500\\\"></p>\\r\\n<h5>Tr\\u00ed th\\u00f4ng minh m\\u1edbi ph\\u00e1t tri\\u1ec3n b\\u1edfi AI</h5>\\r\\n<p>V\\u1edbi LG ThinQ AI, b\\u1ea1n c\\u00f3 th\\u1ec3 th\\u1ef1c hi\\u1ec7n r\\u1ea5t nhi\\u1ec1u \\u0111i\\u1ec1u ch\\u1ec9 v\\u1edbi gi\\u1ecdng n\\u00f3i c\\u1ee7a m\\u00ecnh. Ti\\u1ebfp t\\u1ee5c h\\u1ed9i tho\\u1ea1i v\\u1edbi kh\\u1ea3 n\\u0103ng nh\\u1eadn d\\u1ea1ng gi\\u1ecdng n\\u00f3i v\\u00e0 c\\u00f3 \\u0111\\u01b0\\u1ee3c c\\u00e1c \\u0111\\u1ec1 xu\\u1ea5t cho n\\u1ed9i dung t\\u00f9y ch\\u1ec9nh d\\u1ef1a tr\\u00ean th\\u00f3i quen xem TV c\\u1ee7a b\\u1ea1n.</p>\\r\\n<h5>\\u0110\\u1ed9 ph\\u00e2n gi\\u1ea3i 4K, M\\u1ed9t ti\\u00eau chu\\u1ea9n cao m\\u1edbi</h5>\\r\\n<p>Tr\\u1ea3i nghi\\u1ec7m h\\u00ecnh \\u1ea3nh 4K ch\\u00e2n th\\u1ef1c h\\u01a1n v\\u1edbi \\u0111\\u1ed9 chi ti\\u1ebft tuy\\u1ec7t \\u0111\\u1eb9p v\\u00e0 m\\u00e0u s\\u1eafc s\\u1ed1ng \\u0111\\u1ed9ng tr\\u00ean m\\u00e0n h\\u00ecnh IPS c\\u00f3 \\u0111\\u1ed9 ph\\u00e2n gi\\u1ea3i cao g\\u1ea5p b\\u1ed1n l\\u1ea7n so v\\u1edbi Full HD.</p>\\r\\n<p><img src=\\\"https://salt.tikicdn.com/ts/tmp/98/62/24/5da7dd23f9cb87fafce19eb63edd5526.jpg\\\" alt=\\\"Smart Tivi LG 65 inch 4K UHD 65UM7400PTA - H\\u00e0ng Ch\\u00ednh H\\u00e3ng\\\" width=\\\"750\\\" height=\\\"500\\\"></p>\\r\\n<p><img src=\\\"https://salt.tikicdn.com/ts/tmp/2e/6d/c2/992d4e29c4ad89b21fab605b9cdb57b3.jpg\\\" alt=\\\"Smart Tivi LG 65 inch 4K UHD 65UM7400PTA - H\\u00e0ng Ch\\u00ednh H\\u00e3ng\\\" width=\\\"750\\\" height=\\\"500\\\"></p>\\r\\n<h5>H\\u00ecnh \\u1ea3nh lu\\u00f4n s\\u1eafc n\\u00e9t k\\u1ec3 c\\u1ea3 v\\u1edbi g\\u00f3c xem r\\u1ed9ng</h5>\\r\\n<p>Cho d\\u00f9 b\\u1ea1n ng\\u1ed3i ch\\u1ed7 n\\u00e0o, g\\u00f3c xem r\\u1ed9ng c\\u1ee7a t\\u1ea5m n\\u1ec1n IPS 4K gi\\u00fap hi\\u1ec3n th\\u1ecb \\u0111\\u1ed9 ch\\u00ednh x\\u00e1c m\\u00e0u g\\u1ea7n nh\\u01b0 100%, th\\u1eadm ch\\u00ed t\\u1eeb g\\u00f3c xem 60 \\u0111\\u1ed9.</p>\\r\\n<p><img src=\\\"https://salt.tikicdn.com/ts/tmp/b5/a8/ed/2fbfb1cb341e1d749fbe5f91d2f049a8.jpg\\\" alt=\\\"Smart Tivi LG 65 inch 4K UHD 65UM7400PTA - H\\u00e0ng Ch\\u00ednh H\\u00e3ng\\\" width=\\\"750\\\" height=\\\"500\\\"></p>\\r\\n<h5>M\\u00e0u s\\u1eafc trung th\\u1ef1c ch\\u00ednh x\\u00e1c</h5>\\r\\n<p>S\\u1ef1 kh\\u00e1c bi\\u1ec7t m\\u00e0u s\\u1eafc nh\\u1ecf nh\\u1ea5t \\u0111\\u01b0\\u1ee3c ph\\u1ea3n \\u00e1nh ch\\u00ednh x\\u00e1c \\u0111\\u1ec3 mang \\u0111\\u1ebfn \\u0111\\u1ed9 s\\u1eafc n\\u00e9t h\\u01a1n, phong ph\\u00fa h\\u01a1n v\\u00e0 trung th\\u1ef1c h\\u01a1n.</p>\\r\\n<p><img src=\\\"https://salt.tikicdn.com/ts/tmp/a1/f1/72/984254ea1bd97e0db77b14bd6ca7215d.jpg\\\" alt=\\\"Smart Tivi LG 65 inch 4K UHD 65UM7400PTA - H\\u00e0ng Ch\\u00ednh H\\u00e3ng\\\" width=\\\"750\\\" height=\\\"500\\\"></p>\\r\\n<h5>4K Cinema HDR truy\\u1ec1n t\\u1ea3i tr\\u1ecdn v\\u1eb9n \\u00fd t\\u01b0\\u1edfng \\u0111\\u1ea1o di\\u1ec5n</h5>\\r\\n<p>4K Cinema HDR c\\u1ee7a LG mang \\u0111\\u1ebfn h\\u00ecnh \\u1ea3nh c\\u1ee7a nh\\u00e0 l\\u00e0m phim b\\u1eb1ng vi\\u1ec7c h\\u1ed7 tr\\u1ee3 h\\u1ea7u h\\u1ebft c\\u00e1c \\u0111\\u1ecbnh d\\u1ea1ng HDR. \\u0110\\u1eafm ch\\u00ecm trong kh\\u00f4ng gian \\u0111i\\u1ec7n \\u1ea3nh v\\u1edbi c\\u00e1c \\u0111\\u1ecbnh d\\u1ea1ng HDR ch\\u00ednh bao g\\u1ed3m Advanced HDR c\\u1ee7a Techncolor v\\u00e0 HDR10 Pro.</p>\\r\\n<p><img src=\\\"https://salt.tikicdn.com/ts/tmp/31/a8/30/b875bac909639f43f432acd168d844cc.jpg\\\" alt=\\\"Smart Tivi LG 65 inch 4K UHD 65UM7400PTA - H\\u00e0ng Ch\\u00ednh H\\u00e3ng\\\" width=\\\"750\\\" height=\\\"500\\\"></p>\\r\\n<h5>Dolby Vision &amp; Atmos Tr\\u1ea3i nghi\\u1ec7m \\u0111i\\u1ec7n \\u1ea3nh t\\u1ea1i gia</h5>\\r\\n<p>Dolby bi\\u1ebfn ng\\u00f4i nh\\u00e0 b\\u1ea1n th\\u00e0nh m\\u1ed9t \\u0111\\u1ecba \\u0111i\\u1ec3m gi\\u1ea3i tr\\u00ed v\\u1edbi h\\u00ecnh \\u1ea3nh v\\u00e0 \\u00e2m thanh HDR d\\u00e0nh cho \\u0111i\\u1ec7n \\u1ea3nh.</p>\\r\\n<p><img src=\\\"https://salt.tikicdn.com/ts/tmp/69/b1/8b/9fbd4bc25fd47ca2231e96e9261c7757.jpg\\\" alt=\\\"Smart Tivi LG 65 inch 4K UHD 65UM7400PTA - H\\u00e0ng Ch\\u00ednh H\\u00e3ng\\\" width=\\\"750\\\" height=\\\"500\\\"></p>\\r\\n<h5>\\u0110\\u1eafm ch\\u00ecm v\\u00e0o \\u00e2m thanh si\\u00eau v\\u00f2m</h5>\\r\\n<p>M\\u1ed9t tr\\u1ea3i nghi\\u1ec7m gi\\u1ea3i tr\\u00ed ng\\u1eadp tr\\u00e0n h\\u01a1n v\\u1edbi \\u00e2m thanh \\u0111\\u1ebfn t\\u1eeb k\\u00eanh \\u00e2m thanh \\u1ea3o.</p>\\r\\n<p><img src=\\\"https://salt.tikicdn.com/ts/tmp/d6/0e/95/d041242eb3df55cd15b4bd3f4af4d149.jpg\\\" alt=\\\"Smart Tivi LG 65 inch 4K UHD 65UM7400PTA - H\\u00e0ng Ch\\u00ednh H\\u00e3ng\\\" width=\\\"750\\\" height=\\\"500\\\"></p><p>Gi\\u00e1 s\\u1ea3n ph\\u1ea9m tr\\u00ean Tiki \\u0111\\u00e3 bao g\\u1ed3m thu\\u1ebf theo lu\\u1eadt hi\\u1ec7n h\\u00e0nh. Tuy nhi\\u00ean tu\\u1ef3 v\\u00e0o t\\u1eebng lo\\u1ea1i s\\u1ea3n ph\\u1ea9m ho\\u1eb7c ph\\u01b0\\u01a1ng th\\u1ee9c, \\u0111\\u1ecba ch\\u1ec9 giao h\\u00e0ng m\\u00e0 c\\u00f3 th\\u1ec3 ph\\u00e1t sinh th\\u00eam chi ph\\u00ed kh\\u00e1c nh\\u01b0 ph\\u00ed v\\u1eadn chuy\\u1ec3n, ph\\u1ee5 ph\\u00ed h\\u00e0ng c\\u1ed3ng k\\u1ec1nh, ...</p></div>\", \"unit_in_order\": 10, \"product_price\": 100000, \"id\": 1, \"reviews\": [{\"comment\": \"test\", \"account\": {\"email\": \"test@gmail.com\", \"password\": \"123\", \"holder_name\": \"123\", \"id\": 1, \"avatar\": \"https://hedieuhanh.com/wp-content/uploads/2019/08/anh-avatar-buc-minh-cuc-hai-huoc.jpg\"}, \"product_id\": 1, \"time_created\": \"2020-12-08T03:43:34Z\", \"rating_level\": 5, \"id\": 1, \"account_id\": 1}], \"discount\": 10, \"unit_in_stock\": 100, \"images\": [{\"src\": \"https://salt.tikicdn.com/cache/w444/ts/product/62/95/10/4c398ea633e656d39abf5881387ef15d.jpg\", \"product_id\": 1, \"created_time\": \"00:00:00\", \"type\": \"test\", \"id\": 1, \"size\": 11}], \"category_id\": 0, \"product_name\": \"Smart Tivi Samsung HD 32 inch UA32N4300A\", \"quantity\": 12}]','234234'),(28,1,'[{\"sku\": {\"sku_name\": \"Group Case TTM\", \"sku_avatar\": \"https://salt.tikicdn.com/cache/w220/ts/seller/35/03/f4/faa07c5e9a861171fb2210063007483b.jpg\", \"id\": 1}, \"rating\": 0, \"sku_id\": 1, \"description\": \"<div>Lo\\u1ea1i Tivi:Smart Tivi, 43 inch<br>\\r\\n\\u0110\\u1ed9 ph\\u00e2n gi\\u1ea3i: 4K Ultra HD (3840 x 2160px)<br>\\r\\nT\\u1ea7n s\\u1ed1 qu\\u00e9t: TM100 (Refresh rate 50Hz)<br>\\r\\nH\\u1ec7 \\u0111i\\u1ec1u h\\u00e0nh: webOS Smart TV<br>\\r\\nC\\u00e1c \\u1ee9ng d\\u1ee5ng s\\u1eb5n c\\u00f3: Youtube, Netflix, Tr\\u00ecnh duy\\u1ec7t web, LG Content Store<br>\\r\\nC\\u00e1c \\u1ee9ng d\\u1ee5ng c\\u00f3 th\\u1ec3 t\\u1ea3i th\\u00eam\\t: FPT Play, ClipTV, Fim+, MyTV, Nhaccuatui, THVLi, HTV, Spotify, Zing TV<br>\\r\\nC\\u00f4ng ngh\\u1ec7 x\\u1eed l\\u00fd h\\u00ecnh \\u1ea3nh: HDR10 Pro, 4K Upscaler, 4K Active HDR, True Color Accuracy<br>\\r\\n\\u0110i\\u1ec1u khi\\u1ec3n tivi b\\u1eb1ng \\u0111i\\u1ec7n tho\\u1ea1i: B\\u1eb1ng \\u1ee9ng d\\u1ee5ng LG TV Plus<br><h5>Thi\\u1ebft k\\u1ebf \\u0111\\u01a1n gi\\u1ea3n, thanh l\\u1ecbch</h5>\\r\\n<p><strong>Smart Tivi LG 4K 43 inch 43UM7400PTA</strong>&nbsp;c\\u00f3 thi\\u1ebft k\\u1ebf t\\u1ed1i gi\\u1ea3n v\\u1edbi vi\\u1ec1n m\\u00e0n h\\u00ecnh m\\u1ecfng, tinh t\\u1ebf gi\\u00fap d\\u1ec5 d\\u00e0ng h\\u00f2a h\\u1ee3p v\\u1edbi b\\u1ea5t k\\u00ec kh\\u00f4ng gian n\\u1ed9i th\\u1ea5t n\\u00e0o. K\\u00edch th\\u01b0\\u1edbc m\\u00e0n h\\u00ecnh 43 inch v\\u1eeba ph\\u1ea3i s\\u1ebd l\\u00e0 l\\u1ef1a ch\\u1ecdn th\\u00edch h\\u1ee3p cho c\\u00e1c kh\\u00f4ng gian v\\u1eeba v\\u00e0 nh\\u1ecf nh\\u01b0 ph\\u00f2ng \\u0103n, ph\\u00f2ng ng\\u1ee7, ph\\u00f2ng l\\u00e0m vi\\u1ec7c,\\u2026</p>\\r\\n<p><img src=\\\"https://salt.tikicdn.com/ts/tmp/5f/a3/13/634c1b86dbcf772b480d14fb148d907d.jpg\\\" alt=\\\"Smart Tivi LG 43 inch 4K UHD 43UM7400PTA - H\\u00e0ng Ch\\u00ednh H\\u00e3ng\\\" width=\\\"750\\\" height=\\\"500\\\"></p>\\r\\n<h5>Tr\\u00ed th\\u00f4ng minh m\\u1edbi ph\\u00e1t tri\\u1ec3n b\\u1edfi AI</h5>\\r\\n<p>V\\u1edbi LG ThinQ AI, b\\u1ea1n c\\u00f3 th\\u1ec3 th\\u1ef1c hi\\u1ec7n r\\u1ea5t nhi\\u1ec1u \\u0111i\\u1ec1u ch\\u1ec9 v\\u1edbi gi\\u1ecdng n\\u00f3i c\\u1ee7a m\\u00ecnh. Ti\\u1ebfp t\\u1ee5c h\\u1ed9i tho\\u1ea1i v\\u1edbi kh\\u1ea3 n\\u0103ng nh\\u1eadn d\\u1ea1ng gi\\u1ecdng n\\u00f3i v\\u00e0 c\\u00f3 \\u0111\\u01b0\\u1ee3c c\\u00e1c \\u0111\\u1ec1 xu\\u1ea5t cho n\\u1ed9i dung t\\u00f9y ch\\u1ec9nh d\\u1ef1a tr\\u00ean th\\u00f3i quen xem TV c\\u1ee7a b\\u1ea1n.</p>\\r\\n<h5>\\u0110\\u1ed9 ph\\u00e2n gi\\u1ea3i 4K, M\\u1ed9t ti\\u00eau chu\\u1ea9n cao m\\u1edbi</h5>\\r\\n<p>Tr\\u1ea3i nghi\\u1ec7m h\\u00ecnh \\u1ea3nh 4K ch\\u00e2n th\\u1ef1c h\\u01a1n v\\u1edbi \\u0111\\u1ed9 chi ti\\u1ebft tuy\\u1ec7t \\u0111\\u1eb9p v\\u00e0 m\\u00e0u s\\u1eafc s\\u1ed1ng \\u0111\\u1ed9ng tr\\u00ean m\\u00e0n h\\u00ecnh IPS c\\u00f3 \\u0111\\u1ed9 ph\\u00e2n gi\\u1ea3i cao g\\u1ea5p b\\u1ed1n l\\u1ea7n so v\\u1edbi Full HD.</p>\\r\\n<p><img src=\\\"https://salt.tikicdn.com/ts/tmp/98/62/24/5da7dd23f9cb87fafce19eb63edd5526.jpg\\\" alt=\\\"Smart Tivi LG 65 inch 4K UHD 65UM7400PTA - H\\u00e0ng Ch\\u00ednh H\\u00e3ng\\\" width=\\\"750\\\" height=\\\"500\\\"></p>\\r\\n<p><img src=\\\"https://salt.tikicdn.com/ts/tmp/2e/6d/c2/992d4e29c4ad89b21fab605b9cdb57b3.jpg\\\" alt=\\\"Smart Tivi LG 65 inch 4K UHD 65UM7400PTA - H\\u00e0ng Ch\\u00ednh H\\u00e3ng\\\" width=\\\"750\\\" height=\\\"500\\\"></p>\\r\\n<h5>H\\u00ecnh \\u1ea3nh lu\\u00f4n s\\u1eafc n\\u00e9t k\\u1ec3 c\\u1ea3 v\\u1edbi g\\u00f3c xem r\\u1ed9ng</h5>\\r\\n<p>Cho d\\u00f9 b\\u1ea1n ng\\u1ed3i ch\\u1ed7 n\\u00e0o, g\\u00f3c xem r\\u1ed9ng c\\u1ee7a t\\u1ea5m n\\u1ec1n IPS 4K gi\\u00fap hi\\u1ec3n th\\u1ecb \\u0111\\u1ed9 ch\\u00ednh x\\u00e1c m\\u00e0u g\\u1ea7n nh\\u01b0 100%, th\\u1eadm ch\\u00ed t\\u1eeb g\\u00f3c xem 60 \\u0111\\u1ed9.</p>\\r\\n<p><img src=\\\"https://salt.tikicdn.com/ts/tmp/b5/a8/ed/2fbfb1cb341e1d749fbe5f91d2f049a8.jpg\\\" alt=\\\"Smart Tivi LG 65 inch 4K UHD 65UM7400PTA - H\\u00e0ng Ch\\u00ednh H\\u00e3ng\\\" width=\\\"750\\\" height=\\\"500\\\"></p>\\r\\n<h5>M\\u00e0u s\\u1eafc trung th\\u1ef1c ch\\u00ednh x\\u00e1c</h5>\\r\\n<p>S\\u1ef1 kh\\u00e1c bi\\u1ec7t m\\u00e0u s\\u1eafc nh\\u1ecf nh\\u1ea5t \\u0111\\u01b0\\u1ee3c ph\\u1ea3n \\u00e1nh ch\\u00ednh x\\u00e1c \\u0111\\u1ec3 mang \\u0111\\u1ebfn \\u0111\\u1ed9 s\\u1eafc n\\u00e9t h\\u01a1n, phong ph\\u00fa h\\u01a1n v\\u00e0 trung th\\u1ef1c h\\u01a1n.</p>\\r\\n<p><img src=\\\"https://salt.tikicdn.com/ts/tmp/a1/f1/72/984254ea1bd97e0db77b14bd6ca7215d.jpg\\\" alt=\\\"Smart Tivi LG 65 inch 4K UHD 65UM7400PTA - H\\u00e0ng Ch\\u00ednh H\\u00e3ng\\\" width=\\\"750\\\" height=\\\"500\\\"></p>\\r\\n<h5>4K Cinema HDR truy\\u1ec1n t\\u1ea3i tr\\u1ecdn v\\u1eb9n \\u00fd t\\u01b0\\u1edfng \\u0111\\u1ea1o di\\u1ec5n</h5>\\r\\n<p>4K Cinema HDR c\\u1ee7a LG mang \\u0111\\u1ebfn h\\u00ecnh \\u1ea3nh c\\u1ee7a nh\\u00e0 l\\u00e0m phim b\\u1eb1ng vi\\u1ec7c h\\u1ed7 tr\\u1ee3 h\\u1ea7u h\\u1ebft c\\u00e1c \\u0111\\u1ecbnh d\\u1ea1ng HDR. \\u0110\\u1eafm ch\\u00ecm trong kh\\u00f4ng gian \\u0111i\\u1ec7n \\u1ea3nh v\\u1edbi c\\u00e1c \\u0111\\u1ecbnh d\\u1ea1ng HDR ch\\u00ednh bao g\\u1ed3m Advanced HDR c\\u1ee7a Techncolor v\\u00e0 HDR10 Pro.</p>\\r\\n<p><img src=\\\"https://salt.tikicdn.com/ts/tmp/31/a8/30/b875bac909639f43f432acd168d844cc.jpg\\\" alt=\\\"Smart Tivi LG 65 inch 4K UHD 65UM7400PTA - H\\u00e0ng Ch\\u00ednh H\\u00e3ng\\\" width=\\\"750\\\" height=\\\"500\\\"></p>\\r\\n<h5>Dolby Vision &amp; Atmos Tr\\u1ea3i nghi\\u1ec7m \\u0111i\\u1ec7n \\u1ea3nh t\\u1ea1i gia</h5>\\r\\n<p>Dolby bi\\u1ebfn ng\\u00f4i nh\\u00e0 b\\u1ea1n th\\u00e0nh m\\u1ed9t \\u0111\\u1ecba \\u0111i\\u1ec3m gi\\u1ea3i tr\\u00ed v\\u1edbi h\\u00ecnh \\u1ea3nh v\\u00e0 \\u00e2m thanh HDR d\\u00e0nh cho \\u0111i\\u1ec7n \\u1ea3nh.</p>\\r\\n<p><img src=\\\"https://salt.tikicdn.com/ts/tmp/69/b1/8b/9fbd4bc25fd47ca2231e96e9261c7757.jpg\\\" alt=\\\"Smart Tivi LG 65 inch 4K UHD 65UM7400PTA - H\\u00e0ng Ch\\u00ednh H\\u00e3ng\\\" width=\\\"750\\\" height=\\\"500\\\"></p>\\r\\n<h5>\\u0110\\u1eafm ch\\u00ecm v\\u00e0o \\u00e2m thanh si\\u00eau v\\u00f2m</h5>\\r\\n<p>M\\u1ed9t tr\\u1ea3i nghi\\u1ec7m gi\\u1ea3i tr\\u00ed ng\\u1eadp tr\\u00e0n h\\u01a1n v\\u1edbi \\u00e2m thanh \\u0111\\u1ebfn t\\u1eeb k\\u00eanh \\u00e2m thanh \\u1ea3o.</p>\\r\\n<p><img src=\\\"https://salt.tikicdn.com/ts/tmp/d6/0e/95/d041242eb3df55cd15b4bd3f4af4d149.jpg\\\" alt=\\\"Smart Tivi LG 65 inch 4K UHD 65UM7400PTA - H\\u00e0ng Ch\\u00ednh H\\u00e3ng\\\" width=\\\"750\\\" height=\\\"500\\\"></p><p>Gi\\u00e1 s\\u1ea3n ph\\u1ea9m tr\\u00ean Tiki \\u0111\\u00e3 bao g\\u1ed3m thu\\u1ebf theo lu\\u1eadt hi\\u1ec7n h\\u00e0nh. Tuy nhi\\u00ean tu\\u1ef3 v\\u00e0o t\\u1eebng lo\\u1ea1i s\\u1ea3n ph\\u1ea9m ho\\u1eb7c ph\\u01b0\\u01a1ng th\\u1ee9c, \\u0111\\u1ecba ch\\u1ec9 giao h\\u00e0ng m\\u00e0 c\\u00f3 th\\u1ec3 ph\\u00e1t sinh th\\u00eam chi ph\\u00ed kh\\u00e1c nh\\u01b0 ph\\u00ed v\\u1eadn chuy\\u1ec3n, ph\\u1ee5 ph\\u00ed h\\u00e0ng c\\u1ed3ng k\\u1ec1nh, ...</p></div>\", \"unit_in_order\": 10, \"product_price\": 100000, \"id\": 1, \"reviews\": [{\"comment\": \"test\", \"account\": {\"email\": \"test@gmail.com\", \"password\": \"123\", \"holder_name\": \"123\", \"id\": 1, \"avatar\": \"https://hedieuhanh.com/wp-content/uploads/2019/08/anh-avatar-buc-minh-cuc-hai-huoc.jpg\"}, \"product_id\": 1, \"time_created\": \"2020-12-08T03:43:34Z\", \"rating_level\": 5, \"id\": 1, \"account_id\": 1}], \"discount\": 10, \"unit_in_stock\": 100, \"images\": [{\"src\": \"https://salt.tikicdn.com/cache/w444/ts/product/62/95/10/4c398ea633e656d39abf5881387ef15d.jpg\", \"product_id\": 1, \"created_time\": \"00:00:00\", \"type\": \"test\", \"id\": 1, \"size\": 11}], \"category_id\": 0, \"product_name\": \"Smart Tivi Samsung HD 32 inch UA32N4300A\", \"quantity\": 12}]','234234'),(29,1,'[{\"sku\": {\"sku_name\": \"Group Case TTM\", \"sku_avatar\": \"https://salt.tikicdn.com/cache/w220/ts/seller/35/03/f4/faa07c5e9a861171fb2210063007483b.jpg\", \"id\": 1}, \"rating\": 0, \"sku_id\": 1, \"description\": \"<div>Lo\\u1ea1i Tivi:Smart Tivi, 43 inch<br>\\r\\n\\u0110\\u1ed9 ph\\u00e2n gi\\u1ea3i: 4K Ultra HD (3840 x 2160px)<br>\\r\\nT\\u1ea7n s\\u1ed1 qu\\u00e9t: TM100 (Refresh rate 50Hz)<br>\\r\\nH\\u1ec7 \\u0111i\\u1ec1u h\\u00e0nh: webOS Smart TV<br>\\r\\nC\\u00e1c \\u1ee9ng d\\u1ee5ng s\\u1eb5n c\\u00f3: Youtube, Netflix, Tr\\u00ecnh duy\\u1ec7t web, LG Content Store<br>\\r\\nC\\u00e1c \\u1ee9ng d\\u1ee5ng c\\u00f3 th\\u1ec3 t\\u1ea3i th\\u00eam\\t: FPT Play, ClipTV, Fim+, MyTV, Nhaccuatui, THVLi, HTV, Spotify, Zing TV<br>\\r\\nC\\u00f4ng ngh\\u1ec7 x\\u1eed l\\u00fd h\\u00ecnh \\u1ea3nh: HDR10 Pro, 4K Upscaler, 4K Active HDR, True Color Accuracy<br>\\r\\n\\u0110i\\u1ec1u khi\\u1ec3n tivi b\\u1eb1ng \\u0111i\\u1ec7n tho\\u1ea1i: B\\u1eb1ng \\u1ee9ng d\\u1ee5ng LG TV Plus<br><h5>Thi\\u1ebft k\\u1ebf \\u0111\\u01a1n gi\\u1ea3n, thanh l\\u1ecbch</h5>\\r\\n<p><strong>Smart Tivi LG 4K 43 inch 43UM7400PTA</strong>&nbsp;c\\u00f3 thi\\u1ebft k\\u1ebf t\\u1ed1i gi\\u1ea3n v\\u1edbi vi\\u1ec1n m\\u00e0n h\\u00ecnh m\\u1ecfng, tinh t\\u1ebf gi\\u00fap d\\u1ec5 d\\u00e0ng h\\u00f2a h\\u1ee3p v\\u1edbi b\\u1ea5t k\\u00ec kh\\u00f4ng gian n\\u1ed9i th\\u1ea5t n\\u00e0o. K\\u00edch th\\u01b0\\u1edbc m\\u00e0n h\\u00ecnh 43 inch v\\u1eeba ph\\u1ea3i s\\u1ebd l\\u00e0 l\\u1ef1a ch\\u1ecdn th\\u00edch h\\u1ee3p cho c\\u00e1c kh\\u00f4ng gian v\\u1eeba v\\u00e0 nh\\u1ecf nh\\u01b0 ph\\u00f2ng \\u0103n, ph\\u00f2ng ng\\u1ee7, ph\\u00f2ng l\\u00e0m vi\\u1ec7c,\\u2026</p>\\r\\n<p><img src=\\\"https://salt.tikicdn.com/ts/tmp/5f/a3/13/634c1b86dbcf772b480d14fb148d907d.jpg\\\" alt=\\\"Smart Tivi LG 43 inch 4K UHD 43UM7400PTA - H\\u00e0ng Ch\\u00ednh H\\u00e3ng\\\" width=\\\"750\\\" height=\\\"500\\\"></p>\\r\\n<h5>Tr\\u00ed th\\u00f4ng minh m\\u1edbi ph\\u00e1t tri\\u1ec3n b\\u1edfi AI</h5>\\r\\n<p>V\\u1edbi LG ThinQ AI, b\\u1ea1n c\\u00f3 th\\u1ec3 th\\u1ef1c hi\\u1ec7n r\\u1ea5t nhi\\u1ec1u \\u0111i\\u1ec1u ch\\u1ec9 v\\u1edbi gi\\u1ecdng n\\u00f3i c\\u1ee7a m\\u00ecnh. Ti\\u1ebfp t\\u1ee5c h\\u1ed9i tho\\u1ea1i v\\u1edbi kh\\u1ea3 n\\u0103ng nh\\u1eadn d\\u1ea1ng gi\\u1ecdng n\\u00f3i v\\u00e0 c\\u00f3 \\u0111\\u01b0\\u1ee3c c\\u00e1c \\u0111\\u1ec1 xu\\u1ea5t cho n\\u1ed9i dung t\\u00f9y ch\\u1ec9nh d\\u1ef1a tr\\u00ean th\\u00f3i quen xem TV c\\u1ee7a b\\u1ea1n.</p>\\r\\n<h5>\\u0110\\u1ed9 ph\\u00e2n gi\\u1ea3i 4K, M\\u1ed9t ti\\u00eau chu\\u1ea9n cao m\\u1edbi</h5>\\r\\n<p>Tr\\u1ea3i nghi\\u1ec7m h\\u00ecnh \\u1ea3nh 4K ch\\u00e2n th\\u1ef1c h\\u01a1n v\\u1edbi \\u0111\\u1ed9 chi ti\\u1ebft tuy\\u1ec7t \\u0111\\u1eb9p v\\u00e0 m\\u00e0u s\\u1eafc s\\u1ed1ng \\u0111\\u1ed9ng tr\\u00ean m\\u00e0n h\\u00ecnh IPS c\\u00f3 \\u0111\\u1ed9 ph\\u00e2n gi\\u1ea3i cao g\\u1ea5p b\\u1ed1n l\\u1ea7n so v\\u1edbi Full HD.</p>\\r\\n<p><img src=\\\"https://salt.tikicdn.com/ts/tmp/98/62/24/5da7dd23f9cb87fafce19eb63edd5526.jpg\\\" alt=\\\"Smart Tivi LG 65 inch 4K UHD 65UM7400PTA - H\\u00e0ng Ch\\u00ednh H\\u00e3ng\\\" width=\\\"750\\\" height=\\\"500\\\"></p>\\r\\n<p><img src=\\\"https://salt.tikicdn.com/ts/tmp/2e/6d/c2/992d4e29c4ad89b21fab605b9cdb57b3.jpg\\\" alt=\\\"Smart Tivi LG 65 inch 4K UHD 65UM7400PTA - H\\u00e0ng Ch\\u00ednh H\\u00e3ng\\\" width=\\\"750\\\" height=\\\"500\\\"></p>\\r\\n<h5>H\\u00ecnh \\u1ea3nh lu\\u00f4n s\\u1eafc n\\u00e9t k\\u1ec3 c\\u1ea3 v\\u1edbi g\\u00f3c xem r\\u1ed9ng</h5>\\r\\n<p>Cho d\\u00f9 b\\u1ea1n ng\\u1ed3i ch\\u1ed7 n\\u00e0o, g\\u00f3c xem r\\u1ed9ng c\\u1ee7a t\\u1ea5m n\\u1ec1n IPS 4K gi\\u00fap hi\\u1ec3n th\\u1ecb \\u0111\\u1ed9 ch\\u00ednh x\\u00e1c m\\u00e0u g\\u1ea7n nh\\u01b0 100%, th\\u1eadm ch\\u00ed t\\u1eeb g\\u00f3c xem 60 \\u0111\\u1ed9.</p>\\r\\n<p><img src=\\\"https://salt.tikicdn.com/ts/tmp/b5/a8/ed/2fbfb1cb341e1d749fbe5f91d2f049a8.jpg\\\" alt=\\\"Smart Tivi LG 65 inch 4K UHD 65UM7400PTA - H\\u00e0ng Ch\\u00ednh H\\u00e3ng\\\" width=\\\"750\\\" height=\\\"500\\\"></p>\\r\\n<h5>M\\u00e0u s\\u1eafc trung th\\u1ef1c ch\\u00ednh x\\u00e1c</h5>\\r\\n<p>S\\u1ef1 kh\\u00e1c bi\\u1ec7t m\\u00e0u s\\u1eafc nh\\u1ecf nh\\u1ea5t \\u0111\\u01b0\\u1ee3c ph\\u1ea3n \\u00e1nh ch\\u00ednh x\\u00e1c \\u0111\\u1ec3 mang \\u0111\\u1ebfn \\u0111\\u1ed9 s\\u1eafc n\\u00e9t h\\u01a1n, phong ph\\u00fa h\\u01a1n v\\u00e0 trung th\\u1ef1c h\\u01a1n.</p>\\r\\n<p><img src=\\\"https://salt.tikicdn.com/ts/tmp/a1/f1/72/984254ea1bd97e0db77b14bd6ca7215d.jpg\\\" alt=\\\"Smart Tivi LG 65 inch 4K UHD 65UM7400PTA - H\\u00e0ng Ch\\u00ednh H\\u00e3ng\\\" width=\\\"750\\\" height=\\\"500\\\"></p>\\r\\n<h5>4K Cinema HDR truy\\u1ec1n t\\u1ea3i tr\\u1ecdn v\\u1eb9n \\u00fd t\\u01b0\\u1edfng \\u0111\\u1ea1o di\\u1ec5n</h5>\\r\\n<p>4K Cinema HDR c\\u1ee7a LG mang \\u0111\\u1ebfn h\\u00ecnh \\u1ea3nh c\\u1ee7a nh\\u00e0 l\\u00e0m phim b\\u1eb1ng vi\\u1ec7c h\\u1ed7 tr\\u1ee3 h\\u1ea7u h\\u1ebft c\\u00e1c \\u0111\\u1ecbnh d\\u1ea1ng HDR. \\u0110\\u1eafm ch\\u00ecm trong kh\\u00f4ng gian \\u0111i\\u1ec7n \\u1ea3nh v\\u1edbi c\\u00e1c \\u0111\\u1ecbnh d\\u1ea1ng HDR ch\\u00ednh bao g\\u1ed3m Advanced HDR c\\u1ee7a Techncolor v\\u00e0 HDR10 Pro.</p>\\r\\n<p><img src=\\\"https://salt.tikicdn.com/ts/tmp/31/a8/30/b875bac909639f43f432acd168d844cc.jpg\\\" alt=\\\"Smart Tivi LG 65 inch 4K UHD 65UM7400PTA - H\\u00e0ng Ch\\u00ednh H\\u00e3ng\\\" width=\\\"750\\\" height=\\\"500\\\"></p>\\r\\n<h5>Dolby Vision &amp; Atmos Tr\\u1ea3i nghi\\u1ec7m \\u0111i\\u1ec7n \\u1ea3nh t\\u1ea1i gia</h5>\\r\\n<p>Dolby bi\\u1ebfn ng\\u00f4i nh\\u00e0 b\\u1ea1n th\\u00e0nh m\\u1ed9t \\u0111\\u1ecba \\u0111i\\u1ec3m gi\\u1ea3i tr\\u00ed v\\u1edbi h\\u00ecnh \\u1ea3nh v\\u00e0 \\u00e2m thanh HDR d\\u00e0nh cho \\u0111i\\u1ec7n \\u1ea3nh.</p>\\r\\n<p><img src=\\\"https://salt.tikicdn.com/ts/tmp/69/b1/8b/9fbd4bc25fd47ca2231e96e9261c7757.jpg\\\" alt=\\\"Smart Tivi LG 65 inch 4K UHD 65UM7400PTA - H\\u00e0ng Ch\\u00ednh H\\u00e3ng\\\" width=\\\"750\\\" height=\\\"500\\\"></p>\\r\\n<h5>\\u0110\\u1eafm ch\\u00ecm v\\u00e0o \\u00e2m thanh si\\u00eau v\\u00f2m</h5>\\r\\n<p>M\\u1ed9t tr\\u1ea3i nghi\\u1ec7m gi\\u1ea3i tr\\u00ed ng\\u1eadp tr\\u00e0n h\\u01a1n v\\u1edbi \\u00e2m thanh \\u0111\\u1ebfn t\\u1eeb k\\u00eanh \\u00e2m thanh \\u1ea3o.</p>\\r\\n<p><img src=\\\"https://salt.tikicdn.com/ts/tmp/d6/0e/95/d041242eb3df55cd15b4bd3f4af4d149.jpg\\\" alt=\\\"Smart Tivi LG 65 inch 4K UHD 65UM7400PTA - H\\u00e0ng Ch\\u00ednh H\\u00e3ng\\\" width=\\\"750\\\" height=\\\"500\\\"></p><p>Gi\\u00e1 s\\u1ea3n ph\\u1ea9m tr\\u00ean Tiki \\u0111\\u00e3 bao g\\u1ed3m thu\\u1ebf theo lu\\u1eadt hi\\u1ec7n h\\u00e0nh. Tuy nhi\\u00ean tu\\u1ef3 v\\u00e0o t\\u1eebng lo\\u1ea1i s\\u1ea3n ph\\u1ea9m ho\\u1eb7c ph\\u01b0\\u01a1ng th\\u1ee9c, \\u0111\\u1ecba ch\\u1ec9 giao h\\u00e0ng m\\u00e0 c\\u00f3 th\\u1ec3 ph\\u00e1t sinh th\\u00eam chi ph\\u00ed kh\\u00e1c nh\\u01b0 ph\\u00ed v\\u1eadn chuy\\u1ec3n, ph\\u1ee5 ph\\u00ed h\\u00e0ng c\\u1ed3ng k\\u1ec1nh, ...</p></div>\", \"unit_in_order\": 10, \"product_price\": 100000, \"id\": 1, \"reviews\": [{\"comment\": \"test\", \"account\": {\"email\": \"test@gmail.com\", \"password\": \"123\", \"holder_name\": \"123\", \"id\": 1, \"avatar\": \"https://hedieuhanh.com/wp-content/uploads/2019/08/anh-avatar-buc-minh-cuc-hai-huoc.jpg\"}, \"product_id\": 1, \"time_created\": \"2020-12-08T03:43:34Z\", \"rating_level\": 5, \"id\": 1, \"account_id\": 1}], \"discount\": 10, \"unit_in_stock\": 100, \"images\": [{\"src\": \"https://salt.tikicdn.com/cache/w444/ts/product/62/95/10/4c398ea633e656d39abf5881387ef15d.jpg\", \"product_id\": 1, \"created_time\": \"00:00:00\", \"type\": \"test\", \"id\": 1, \"size\": 11}], \"category_id\": 0, \"product_name\": \"Smart Tivi Samsung HD 32 inch UA32N4300A\", \"quantity\": 12}]','asdsa'),(30,1,'[{\"sku\": {\"sku_name\": \"Group Case TTM\", \"sku_avatar\": \"https://salt.tikicdn.com/cache/w220/ts/seller/35/03/f4/faa07c5e9a861171fb2210063007483b.jpg\", \"id\": 1}, \"rating\": 0, \"sku_id\": 1, \"description\": \"<div>Lo\\u1ea1i Tivi:Smart Tivi, 43 inch<br>\\r\\n\\u0110\\u1ed9 ph\\u00e2n gi\\u1ea3i: 4K Ultra HD (3840 x 2160px)<br>\\r\\nT\\u1ea7n s\\u1ed1 qu\\u00e9t: TM100 (Refresh rate 50Hz)<br>\\r\\nH\\u1ec7 \\u0111i\\u1ec1u h\\u00e0nh: webOS Smart TV<br>\\r\\nC\\u00e1c \\u1ee9ng d\\u1ee5ng s\\u1eb5n c\\u00f3: Youtube, Netflix, Tr\\u00ecnh duy\\u1ec7t web, LG Content Store<br>\\r\\nC\\u00e1c \\u1ee9ng d\\u1ee5ng c\\u00f3 th\\u1ec3 t\\u1ea3i th\\u00eam\\t: FPT Play, ClipTV, Fim+, MyTV, Nhaccuatui, THVLi, HTV, Spotify, Zing TV<br>\\r\\nC\\u00f4ng ngh\\u1ec7 x\\u1eed l\\u00fd h\\u00ecnh \\u1ea3nh: HDR10 Pro, 4K Upscaler, 4K Active HDR, True Color Accuracy<br>\\r\\n\\u0110i\\u1ec1u khi\\u1ec3n tivi b\\u1eb1ng \\u0111i\\u1ec7n tho\\u1ea1i: B\\u1eb1ng \\u1ee9ng d\\u1ee5ng LG TV Plus<br><h5>Thi\\u1ebft k\\u1ebf \\u0111\\u01a1n gi\\u1ea3n, thanh l\\u1ecbch</h5>\\r\\n<p><strong>Smart Tivi LG 4K 43 inch 43UM7400PTA</strong>&nbsp;c\\u00f3 thi\\u1ebft k\\u1ebf t\\u1ed1i gi\\u1ea3n v\\u1edbi vi\\u1ec1n m\\u00e0n h\\u00ecnh m\\u1ecfng, tinh t\\u1ebf gi\\u00fap d\\u1ec5 d\\u00e0ng h\\u00f2a h\\u1ee3p v\\u1edbi b\\u1ea5t k\\u00ec kh\\u00f4ng gian n\\u1ed9i th\\u1ea5t n\\u00e0o. K\\u00edch th\\u01b0\\u1edbc m\\u00e0n h\\u00ecnh 43 inch v\\u1eeba ph\\u1ea3i s\\u1ebd l\\u00e0 l\\u1ef1a ch\\u1ecdn th\\u00edch h\\u1ee3p cho c\\u00e1c kh\\u00f4ng gian v\\u1eeba v\\u00e0 nh\\u1ecf nh\\u01b0 ph\\u00f2ng \\u0103n, ph\\u00f2ng ng\\u1ee7, ph\\u00f2ng l\\u00e0m vi\\u1ec7c,\\u2026</p>\\r\\n<p><img src=\\\"https://salt.tikicdn.com/ts/tmp/5f/a3/13/634c1b86dbcf772b480d14fb148d907d.jpg\\\" alt=\\\"Smart Tivi LG 43 inch 4K UHD 43UM7400PTA - H\\u00e0ng Ch\\u00ednh H\\u00e3ng\\\" width=\\\"750\\\" height=\\\"500\\\"></p>\\r\\n<h5>Tr\\u00ed th\\u00f4ng minh m\\u1edbi ph\\u00e1t tri\\u1ec3n b\\u1edfi AI</h5>\\r\\n<p>V\\u1edbi LG ThinQ AI, b\\u1ea1n c\\u00f3 th\\u1ec3 th\\u1ef1c hi\\u1ec7n r\\u1ea5t nhi\\u1ec1u \\u0111i\\u1ec1u ch\\u1ec9 v\\u1edbi gi\\u1ecdng n\\u00f3i c\\u1ee7a m\\u00ecnh. Ti\\u1ebfp t\\u1ee5c h\\u1ed9i tho\\u1ea1i v\\u1edbi kh\\u1ea3 n\\u0103ng nh\\u1eadn d\\u1ea1ng gi\\u1ecdng n\\u00f3i v\\u00e0 c\\u00f3 \\u0111\\u01b0\\u1ee3c c\\u00e1c \\u0111\\u1ec1 xu\\u1ea5t cho n\\u1ed9i dung t\\u00f9y ch\\u1ec9nh d\\u1ef1a tr\\u00ean th\\u00f3i quen xem TV c\\u1ee7a b\\u1ea1n.</p>\\r\\n<h5>\\u0110\\u1ed9 ph\\u00e2n gi\\u1ea3i 4K, M\\u1ed9t ti\\u00eau chu\\u1ea9n cao m\\u1edbi</h5>\\r\\n<p>Tr\\u1ea3i nghi\\u1ec7m h\\u00ecnh \\u1ea3nh 4K ch\\u00e2n th\\u1ef1c h\\u01a1n v\\u1edbi \\u0111\\u1ed9 chi ti\\u1ebft tuy\\u1ec7t \\u0111\\u1eb9p v\\u00e0 m\\u00e0u s\\u1eafc s\\u1ed1ng \\u0111\\u1ed9ng tr\\u00ean m\\u00e0n h\\u00ecnh IPS c\\u00f3 \\u0111\\u1ed9 ph\\u00e2n gi\\u1ea3i cao g\\u1ea5p b\\u1ed1n l\\u1ea7n so v\\u1edbi Full HD.</p>\\r\\n<p><img src=\\\"https://salt.tikicdn.com/ts/tmp/98/62/24/5da7dd23f9cb87fafce19eb63edd5526.jpg\\\" alt=\\\"Smart Tivi LG 65 inch 4K UHD 65UM7400PTA - H\\u00e0ng Ch\\u00ednh H\\u00e3ng\\\" width=\\\"750\\\" height=\\\"500\\\"></p>\\r\\n<p><img src=\\\"https://salt.tikicdn.com/ts/tmp/2e/6d/c2/992d4e29c4ad89b21fab605b9cdb57b3.jpg\\\" alt=\\\"Smart Tivi LG 65 inch 4K UHD 65UM7400PTA - H\\u00e0ng Ch\\u00ednh H\\u00e3ng\\\" width=\\\"750\\\" height=\\\"500\\\"></p>\\r\\n<h5>H\\u00ecnh \\u1ea3nh lu\\u00f4n s\\u1eafc n\\u00e9t k\\u1ec3 c\\u1ea3 v\\u1edbi g\\u00f3c xem r\\u1ed9ng</h5>\\r\\n<p>Cho d\\u00f9 b\\u1ea1n ng\\u1ed3i ch\\u1ed7 n\\u00e0o, g\\u00f3c xem r\\u1ed9ng c\\u1ee7a t\\u1ea5m n\\u1ec1n IPS 4K gi\\u00fap hi\\u1ec3n th\\u1ecb \\u0111\\u1ed9 ch\\u00ednh x\\u00e1c m\\u00e0u g\\u1ea7n nh\\u01b0 100%, th\\u1eadm ch\\u00ed t\\u1eeb g\\u00f3c xem 60 \\u0111\\u1ed9.</p>\\r\\n<p><img src=\\\"https://salt.tikicdn.com/ts/tmp/b5/a8/ed/2fbfb1cb341e1d749fbe5f91d2f049a8.jpg\\\" alt=\\\"Smart Tivi LG 65 inch 4K UHD 65UM7400PTA - H\\u00e0ng Ch\\u00ednh H\\u00e3ng\\\" width=\\\"750\\\" height=\\\"500\\\"></p>\\r\\n<h5>M\\u00e0u s\\u1eafc trung th\\u1ef1c ch\\u00ednh x\\u00e1c</h5>\\r\\n<p>S\\u1ef1 kh\\u00e1c bi\\u1ec7t m\\u00e0u s\\u1eafc nh\\u1ecf nh\\u1ea5t \\u0111\\u01b0\\u1ee3c ph\\u1ea3n \\u00e1nh ch\\u00ednh x\\u00e1c \\u0111\\u1ec3 mang \\u0111\\u1ebfn \\u0111\\u1ed9 s\\u1eafc n\\u00e9t h\\u01a1n, phong ph\\u00fa h\\u01a1n v\\u00e0 trung th\\u1ef1c h\\u01a1n.</p>\\r\\n<p><img src=\\\"https://salt.tikicdn.com/ts/tmp/a1/f1/72/984254ea1bd97e0db77b14bd6ca7215d.jpg\\\" alt=\\\"Smart Tivi LG 65 inch 4K UHD 65UM7400PTA - H\\u00e0ng Ch\\u00ednh H\\u00e3ng\\\" width=\\\"750\\\" height=\\\"500\\\"></p>\\r\\n<h5>4K Cinema HDR truy\\u1ec1n t\\u1ea3i tr\\u1ecdn v\\u1eb9n \\u00fd t\\u01b0\\u1edfng \\u0111\\u1ea1o di\\u1ec5n</h5>\\r\\n<p>4K Cinema HDR c\\u1ee7a LG mang \\u0111\\u1ebfn h\\u00ecnh \\u1ea3nh c\\u1ee7a nh\\u00e0 l\\u00e0m phim b\\u1eb1ng vi\\u1ec7c h\\u1ed7 tr\\u1ee3 h\\u1ea7u h\\u1ebft c\\u00e1c \\u0111\\u1ecbnh d\\u1ea1ng HDR. \\u0110\\u1eafm ch\\u00ecm trong kh\\u00f4ng gian \\u0111i\\u1ec7n \\u1ea3nh v\\u1edbi c\\u00e1c \\u0111\\u1ecbnh d\\u1ea1ng HDR ch\\u00ednh bao g\\u1ed3m Advanced HDR c\\u1ee7a Techncolor v\\u00e0 HDR10 Pro.</p>\\r\\n<p><img src=\\\"https://salt.tikicdn.com/ts/tmp/31/a8/30/b875bac909639f43f432acd168d844cc.jpg\\\" alt=\\\"Smart Tivi LG 65 inch 4K UHD 65UM7400PTA - H\\u00e0ng Ch\\u00ednh H\\u00e3ng\\\" width=\\\"750\\\" height=\\\"500\\\"></p>\\r\\n<h5>Dolby Vision &amp; Atmos Tr\\u1ea3i nghi\\u1ec7m \\u0111i\\u1ec7n \\u1ea3nh t\\u1ea1i gia</h5>\\r\\n<p>Dolby bi\\u1ebfn ng\\u00f4i nh\\u00e0 b\\u1ea1n th\\u00e0nh m\\u1ed9t \\u0111\\u1ecba \\u0111i\\u1ec3m gi\\u1ea3i tr\\u00ed v\\u1edbi h\\u00ecnh \\u1ea3nh v\\u00e0 \\u00e2m thanh HDR d\\u00e0nh cho \\u0111i\\u1ec7n \\u1ea3nh.</p>\\r\\n<p><img src=\\\"https://salt.tikicdn.com/ts/tmp/69/b1/8b/9fbd4bc25fd47ca2231e96e9261c7757.jpg\\\" alt=\\\"Smart Tivi LG 65 inch 4K UHD 65UM7400PTA - H\\u00e0ng Ch\\u00ednh H\\u00e3ng\\\" width=\\\"750\\\" height=\\\"500\\\"></p>\\r\\n<h5>\\u0110\\u1eafm ch\\u00ecm v\\u00e0o \\u00e2m thanh si\\u00eau v\\u00f2m</h5>\\r\\n<p>M\\u1ed9t tr\\u1ea3i nghi\\u1ec7m gi\\u1ea3i tr\\u00ed ng\\u1eadp tr\\u00e0n h\\u01a1n v\\u1edbi \\u00e2m thanh \\u0111\\u1ebfn t\\u1eeb k\\u00eanh \\u00e2m thanh \\u1ea3o.</p>\\r\\n<p><img src=\\\"https://salt.tikicdn.com/ts/tmp/d6/0e/95/d041242eb3df55cd15b4bd3f4af4d149.jpg\\\" alt=\\\"Smart Tivi LG 65 inch 4K UHD 65UM7400PTA - H\\u00e0ng Ch\\u00ednh H\\u00e3ng\\\" width=\\\"750\\\" height=\\\"500\\\"></p><p>Gi\\u00e1 s\\u1ea3n ph\\u1ea9m tr\\u00ean Tiki \\u0111\\u00e3 bao g\\u1ed3m thu\\u1ebf theo lu\\u1eadt hi\\u1ec7n h\\u00e0nh. Tuy nhi\\u00ean tu\\u1ef3 v\\u00e0o t\\u1eebng lo\\u1ea1i s\\u1ea3n ph\\u1ea9m ho\\u1eb7c ph\\u01b0\\u01a1ng th\\u1ee9c, \\u0111\\u1ecba ch\\u1ec9 giao h\\u00e0ng m\\u00e0 c\\u00f3 th\\u1ec3 ph\\u00e1t sinh th\\u00eam chi ph\\u00ed kh\\u00e1c nh\\u01b0 ph\\u00ed v\\u1eadn chuy\\u1ec3n, ph\\u1ee5 ph\\u00ed h\\u00e0ng c\\u1ed3ng k\\u1ec1nh, ...</p></div>\", \"unit_in_order\": 10, \"product_price\": 100000, \"id\": 1, \"reviews\": [{\"comment\": \"test\", \"account\": {\"email\": \"test@gmail.com\", \"password\": \"123\", \"holder_name\": \"123\", \"id\": 1, \"avatar\": \"https://hedieuhanh.com/wp-content/uploads/2019/08/anh-avatar-buc-minh-cuc-hai-huoc.jpg\"}, \"product_id\": 1, \"time_created\": \"2020-12-08T03:43:34Z\", \"rating_level\": 5, \"id\": 1, \"account_id\": 1}], \"discount\": 10, \"unit_in_stock\": 100, \"images\": [{\"src\": \"https://salt.tikicdn.com/cache/w444/ts/product/62/95/10/4c398ea633e656d39abf5881387ef15d.jpg\", \"product_id\": 1, \"created_time\": \"00:00:00\", \"type\": \"test\", \"id\": 1, \"size\": 11}], \"category_id\": 0, \"product_name\": \"Smart Tivi Samsung HD 32 inch UA32N4300A\", \"quantity\": 12}]','asdsa'),(31,1,'[{\"sku\": {\"sku_name\": \"Group Case TTM\", \"sku_avatar\": \"https://salt.tikicdn.com/cache/w220/ts/seller/35/03/f4/faa07c5e9a861171fb2210063007483b.jpg\", \"id\": 1}, \"rating\": 0, \"sku_id\": 1, \"description\": \"<div>Lo\\u1ea1i Tivi:Smart Tivi, 43 inch<br>\\r\\n\\u0110\\u1ed9 ph\\u00e2n gi\\u1ea3i: 4K Ultra HD (3840 x 2160px)<br>\\r\\nT\\u1ea7n s\\u1ed1 qu\\u00e9t: TM100 (Refresh rate 50Hz)<br>\\r\\nH\\u1ec7 \\u0111i\\u1ec1u h\\u00e0nh: webOS Smart TV<br>\\r\\nC\\u00e1c \\u1ee9ng d\\u1ee5ng s\\u1eb5n c\\u00f3: Youtube, Netflix, Tr\\u00ecnh duy\\u1ec7t web, LG Content Store<br>\\r\\nC\\u00e1c \\u1ee9ng d\\u1ee5ng c\\u00f3 th\\u1ec3 t\\u1ea3i th\\u00eam\\t: FPT Play, ClipTV, Fim+, MyTV, Nhaccuatui, THVLi, HTV, Spotify, Zing TV<br>\\r\\nC\\u00f4ng ngh\\u1ec7 x\\u1eed l\\u00fd h\\u00ecnh \\u1ea3nh: HDR10 Pro, 4K Upscaler, 4K Active HDR, True Color Accuracy<br>\\r\\n\\u0110i\\u1ec1u khi\\u1ec3n tivi b\\u1eb1ng \\u0111i\\u1ec7n tho\\u1ea1i: B\\u1eb1ng \\u1ee9ng d\\u1ee5ng LG TV Plus<br><h5>Thi\\u1ebft k\\u1ebf \\u0111\\u01a1n gi\\u1ea3n, thanh l\\u1ecbch</h5>\\r\\n<p><strong>Smart Tivi LG 4K 43 inch 43UM7400PTA</strong>&nbsp;c\\u00f3 thi\\u1ebft k\\u1ebf t\\u1ed1i gi\\u1ea3n v\\u1edbi vi\\u1ec1n m\\u00e0n h\\u00ecnh m\\u1ecfng, tinh t\\u1ebf gi\\u00fap d\\u1ec5 d\\u00e0ng h\\u00f2a h\\u1ee3p v\\u1edbi b\\u1ea5t k\\u00ec kh\\u00f4ng gian n\\u1ed9i th\\u1ea5t n\\u00e0o. K\\u00edch th\\u01b0\\u1edbc m\\u00e0n h\\u00ecnh 43 inch v\\u1eeba ph\\u1ea3i s\\u1ebd l\\u00e0 l\\u1ef1a ch\\u1ecdn th\\u00edch h\\u1ee3p cho c\\u00e1c kh\\u00f4ng gian v\\u1eeba v\\u00e0 nh\\u1ecf nh\\u01b0 ph\\u00f2ng \\u0103n, ph\\u00f2ng ng\\u1ee7, ph\\u00f2ng l\\u00e0m vi\\u1ec7c,\\u2026</p>\\r\\n<p><img src=\\\"https://salt.tikicdn.com/ts/tmp/5f/a3/13/634c1b86dbcf772b480d14fb148d907d.jpg\\\" alt=\\\"Smart Tivi LG 43 inch 4K UHD 43UM7400PTA - H\\u00e0ng Ch\\u00ednh H\\u00e3ng\\\" width=\\\"750\\\" height=\\\"500\\\"></p>\\r\\n<h5>Tr\\u00ed th\\u00f4ng minh m\\u1edbi ph\\u00e1t tri\\u1ec3n b\\u1edfi AI</h5>\\r\\n<p>V\\u1edbi LG ThinQ AI, b\\u1ea1n c\\u00f3 th\\u1ec3 th\\u1ef1c hi\\u1ec7n r\\u1ea5t nhi\\u1ec1u \\u0111i\\u1ec1u ch\\u1ec9 v\\u1edbi gi\\u1ecdng n\\u00f3i c\\u1ee7a m\\u00ecnh. Ti\\u1ebfp t\\u1ee5c h\\u1ed9i tho\\u1ea1i v\\u1edbi kh\\u1ea3 n\\u0103ng nh\\u1eadn d\\u1ea1ng gi\\u1ecdng n\\u00f3i v\\u00e0 c\\u00f3 \\u0111\\u01b0\\u1ee3c c\\u00e1c \\u0111\\u1ec1 xu\\u1ea5t cho n\\u1ed9i dung t\\u00f9y ch\\u1ec9nh d\\u1ef1a tr\\u00ean th\\u00f3i quen xem TV c\\u1ee7a b\\u1ea1n.</p>\\r\\n<h5>\\u0110\\u1ed9 ph\\u00e2n gi\\u1ea3i 4K, M\\u1ed9t ti\\u00eau chu\\u1ea9n cao m\\u1edbi</h5>\\r\\n<p>Tr\\u1ea3i nghi\\u1ec7m h\\u00ecnh \\u1ea3nh 4K ch\\u00e2n th\\u1ef1c h\\u01a1n v\\u1edbi \\u0111\\u1ed9 chi ti\\u1ebft tuy\\u1ec7t \\u0111\\u1eb9p v\\u00e0 m\\u00e0u s\\u1eafc s\\u1ed1ng \\u0111\\u1ed9ng tr\\u00ean m\\u00e0n h\\u00ecnh IPS c\\u00f3 \\u0111\\u1ed9 ph\\u00e2n gi\\u1ea3i cao g\\u1ea5p b\\u1ed1n l\\u1ea7n so v\\u1edbi Full HD.</p>\\r\\n<p><img src=\\\"https://salt.tikicdn.com/ts/tmp/98/62/24/5da7dd23f9cb87fafce19eb63edd5526.jpg\\\" alt=\\\"Smart Tivi LG 65 inch 4K UHD 65UM7400PTA - H\\u00e0ng Ch\\u00ednh H\\u00e3ng\\\" width=\\\"750\\\" height=\\\"500\\\"></p>\\r\\n<p><img src=\\\"https://salt.tikicdn.com/ts/tmp/2e/6d/c2/992d4e29c4ad89b21fab605b9cdb57b3.jpg\\\" alt=\\\"Smart Tivi LG 65 inch 4K UHD 65UM7400PTA - H\\u00e0ng Ch\\u00ednh H\\u00e3ng\\\" width=\\\"750\\\" height=\\\"500\\\"></p>\\r\\n<h5>H\\u00ecnh \\u1ea3nh lu\\u00f4n s\\u1eafc n\\u00e9t k\\u1ec3 c\\u1ea3 v\\u1edbi g\\u00f3c xem r\\u1ed9ng</h5>\\r\\n<p>Cho d\\u00f9 b\\u1ea1n ng\\u1ed3i ch\\u1ed7 n\\u00e0o, g\\u00f3c xem r\\u1ed9ng c\\u1ee7a t\\u1ea5m n\\u1ec1n IPS 4K gi\\u00fap hi\\u1ec3n th\\u1ecb \\u0111\\u1ed9 ch\\u00ednh x\\u00e1c m\\u00e0u g\\u1ea7n nh\\u01b0 100%, th\\u1eadm ch\\u00ed t\\u1eeb g\\u00f3c xem 60 \\u0111\\u1ed9.</p>\\r\\n<p><img src=\\\"https://salt.tikicdn.com/ts/tmp/b5/a8/ed/2fbfb1cb341e1d749fbe5f91d2f049a8.jpg\\\" alt=\\\"Smart Tivi LG 65 inch 4K UHD 65UM7400PTA - H\\u00e0ng Ch\\u00ednh H\\u00e3ng\\\" width=\\\"750\\\" height=\\\"500\\\"></p>\\r\\n<h5>M\\u00e0u s\\u1eafc trung th\\u1ef1c ch\\u00ednh x\\u00e1c</h5>\\r\\n<p>S\\u1ef1 kh\\u00e1c bi\\u1ec7t m\\u00e0u s\\u1eafc nh\\u1ecf nh\\u1ea5t \\u0111\\u01b0\\u1ee3c ph\\u1ea3n \\u00e1nh ch\\u00ednh x\\u00e1c \\u0111\\u1ec3 mang \\u0111\\u1ebfn \\u0111\\u1ed9 s\\u1eafc n\\u00e9t h\\u01a1n, phong ph\\u00fa h\\u01a1n v\\u00e0 trung th\\u1ef1c h\\u01a1n.</p>\\r\\n<p><img src=\\\"https://salt.tikicdn.com/ts/tmp/a1/f1/72/984254ea1bd97e0db77b14bd6ca7215d.jpg\\\" alt=\\\"Smart Tivi LG 65 inch 4K UHD 65UM7400PTA - H\\u00e0ng Ch\\u00ednh H\\u00e3ng\\\" width=\\\"750\\\" height=\\\"500\\\"></p>\\r\\n<h5>4K Cinema HDR truy\\u1ec1n t\\u1ea3i tr\\u1ecdn v\\u1eb9n \\u00fd t\\u01b0\\u1edfng \\u0111\\u1ea1o di\\u1ec5n</h5>\\r\\n<p>4K Cinema HDR c\\u1ee7a LG mang \\u0111\\u1ebfn h\\u00ecnh \\u1ea3nh c\\u1ee7a nh\\u00e0 l\\u00e0m phim b\\u1eb1ng vi\\u1ec7c h\\u1ed7 tr\\u1ee3 h\\u1ea7u h\\u1ebft c\\u00e1c \\u0111\\u1ecbnh d\\u1ea1ng HDR. \\u0110\\u1eafm ch\\u00ecm trong kh\\u00f4ng gian \\u0111i\\u1ec7n \\u1ea3nh v\\u1edbi c\\u00e1c \\u0111\\u1ecbnh d\\u1ea1ng HDR ch\\u00ednh bao g\\u1ed3m Advanced HDR c\\u1ee7a Techncolor v\\u00e0 HDR10 Pro.</p>\\r\\n<p><img src=\\\"https://salt.tikicdn.com/ts/tmp/31/a8/30/b875bac909639f43f432acd168d844cc.jpg\\\" alt=\\\"Smart Tivi LG 65 inch 4K UHD 65UM7400PTA - H\\u00e0ng Ch\\u00ednh H\\u00e3ng\\\" width=\\\"750\\\" height=\\\"500\\\"></p>\\r\\n<h5>Dolby Vision &amp; Atmos Tr\\u1ea3i nghi\\u1ec7m \\u0111i\\u1ec7n \\u1ea3nh t\\u1ea1i gia</h5>\\r\\n<p>Dolby bi\\u1ebfn ng\\u00f4i nh\\u00e0 b\\u1ea1n th\\u00e0nh m\\u1ed9t \\u0111\\u1ecba \\u0111i\\u1ec3m gi\\u1ea3i tr\\u00ed v\\u1edbi h\\u00ecnh \\u1ea3nh v\\u00e0 \\u00e2m thanh HDR d\\u00e0nh cho \\u0111i\\u1ec7n \\u1ea3nh.</p>\\r\\n<p><img src=\\\"https://salt.tikicdn.com/ts/tmp/69/b1/8b/9fbd4bc25fd47ca2231e96e9261c7757.jpg\\\" alt=\\\"Smart Tivi LG 65 inch 4K UHD 65UM7400PTA - H\\u00e0ng Ch\\u00ednh H\\u00e3ng\\\" width=\\\"750\\\" height=\\\"500\\\"></p>\\r\\n<h5>\\u0110\\u1eafm ch\\u00ecm v\\u00e0o \\u00e2m thanh si\\u00eau v\\u00f2m</h5>\\r\\n<p>M\\u1ed9t tr\\u1ea3i nghi\\u1ec7m gi\\u1ea3i tr\\u00ed ng\\u1eadp tr\\u00e0n h\\u01a1n v\\u1edbi \\u00e2m thanh \\u0111\\u1ebfn t\\u1eeb k\\u00eanh \\u00e2m thanh \\u1ea3o.</p>\\r\\n<p><img src=\\\"https://salt.tikicdn.com/ts/tmp/d6/0e/95/d041242eb3df55cd15b4bd3f4af4d149.jpg\\\" alt=\\\"Smart Tivi LG 65 inch 4K UHD 65UM7400PTA - H\\u00e0ng Ch\\u00ednh H\\u00e3ng\\\" width=\\\"750\\\" height=\\\"500\\\"></p><p>Gi\\u00e1 s\\u1ea3n ph\\u1ea9m tr\\u00ean Tiki \\u0111\\u00e3 bao g\\u1ed3m thu\\u1ebf theo lu\\u1eadt hi\\u1ec7n h\\u00e0nh. Tuy nhi\\u00ean tu\\u1ef3 v\\u00e0o t\\u1eebng lo\\u1ea1i s\\u1ea3n ph\\u1ea9m ho\\u1eb7c ph\\u01b0\\u01a1ng th\\u1ee9c, \\u0111\\u1ecba ch\\u1ec9 giao h\\u00e0ng m\\u00e0 c\\u00f3 th\\u1ec3 ph\\u00e1t sinh th\\u00eam chi ph\\u00ed kh\\u00e1c nh\\u01b0 ph\\u00ed v\\u1eadn chuy\\u1ec3n, ph\\u1ee5 ph\\u00ed h\\u00e0ng c\\u1ed3ng k\\u1ec1nh, ...</p></div>\", \"unit_in_order\": 10, \"product_price\": 100000, \"id\": 1, \"reviews\": [{\"comment\": \"test\", \"account\": {\"email\": \"test@gmail.com\", \"password\": \"123\", \"holder_name\": \"123\", \"id\": 1, \"avatar\": \"https://hedieuhanh.com/wp-content/uploads/2019/08/anh-avatar-buc-minh-cuc-hai-huoc.jpg\"}, \"product_id\": 1, \"time_created\": \"2020-12-08T03:43:34Z\", \"rating_level\": 5, \"id\": 1, \"account_id\": 1}], \"discount\": 10, \"unit_in_stock\": 100, \"images\": [{\"src\": \"https://salt.tikicdn.com/cache/w444/ts/product/62/95/10/4c398ea633e656d39abf5881387ef15d.jpg\", \"product_id\": 1, \"created_time\": \"00:00:00\", \"type\": \"test\", \"id\": 1, \"size\": 11}], \"category_id\": 0, \"product_name\": \"Smart Tivi Samsung HD 32 inch UA32N4300A\", \"quantity\": 123}]','123'),(32,1,'[{\"sku\": {\"sku_name\": \"Group Case TTM\", \"sku_avatar\": \"https://salt.tikicdn.com/cache/w220/ts/seller/35/03/f4/faa07c5e9a861171fb2210063007483b.jpg\", \"id\": 1}, \"rating\": 0, \"sku_id\": 1, \"description\": \"<div>Lo\\u1ea1i Tivi:Smart Tivi, 43 inch<br>\\r\\n\\u0110\\u1ed9 ph\\u00e2n gi\\u1ea3i: 4K Ultra HD (3840 x 2160px)<br>\\r\\nT\\u1ea7n s\\u1ed1 qu\\u00e9t: TM100 (Refresh rate 50Hz)<br>\\r\\nH\\u1ec7 \\u0111i\\u1ec1u h\\u00e0nh: webOS Smart TV<br>\\r\\nC\\u00e1c \\u1ee9ng d\\u1ee5ng s\\u1eb5n c\\u00f3: Youtube, Netflix, Tr\\u00ecnh duy\\u1ec7t web, LG Content Store<br>\\r\\nC\\u00e1c \\u1ee9ng d\\u1ee5ng c\\u00f3 th\\u1ec3 t\\u1ea3i th\\u00eam\\t: FPT Play, ClipTV, Fim+, MyTV, Nhaccuatui, THVLi, HTV, Spotify, Zing TV<br>\\r\\nC\\u00f4ng ngh\\u1ec7 x\\u1eed l\\u00fd h\\u00ecnh \\u1ea3nh: HDR10 Pro, 4K Upscaler, 4K Active HDR, True Color Accuracy<br>\\r\\n\\u0110i\\u1ec1u khi\\u1ec3n tivi b\\u1eb1ng \\u0111i\\u1ec7n tho\\u1ea1i: B\\u1eb1ng \\u1ee9ng d\\u1ee5ng LG TV Plus<br><h5>Thi\\u1ebft k\\u1ebf \\u0111\\u01a1n gi\\u1ea3n, thanh l\\u1ecbch</h5>\\r\\n<p><strong>Smart Tivi LG 4K 43 inch 43UM7400PTA</strong>&nbsp;c\\u00f3 thi\\u1ebft k\\u1ebf t\\u1ed1i gi\\u1ea3n v\\u1edbi vi\\u1ec1n m\\u00e0n h\\u00ecnh m\\u1ecfng, tinh t\\u1ebf gi\\u00fap d\\u1ec5 d\\u00e0ng h\\u00f2a h\\u1ee3p v\\u1edbi b\\u1ea5t k\\u00ec kh\\u00f4ng gian n\\u1ed9i th\\u1ea5t n\\u00e0o. K\\u00edch th\\u01b0\\u1edbc m\\u00e0n h\\u00ecnh 43 inch v\\u1eeba ph\\u1ea3i s\\u1ebd l\\u00e0 l\\u1ef1a ch\\u1ecdn th\\u00edch h\\u1ee3p cho c\\u00e1c kh\\u00f4ng gian v\\u1eeba v\\u00e0 nh\\u1ecf nh\\u01b0 ph\\u00f2ng \\u0103n, ph\\u00f2ng ng\\u1ee7, ph\\u00f2ng l\\u00e0m vi\\u1ec7c,\\u2026</p>\\r\\n<p><img src=\\\"https://salt.tikicdn.com/ts/tmp/5f/a3/13/634c1b86dbcf772b480d14fb148d907d.jpg\\\" alt=\\\"Smart Tivi LG 43 inch 4K UHD 43UM7400PTA - H\\u00e0ng Ch\\u00ednh H\\u00e3ng\\\" width=\\\"750\\\" height=\\\"500\\\"></p>\\r\\n<h5>Tr\\u00ed th\\u00f4ng minh m\\u1edbi ph\\u00e1t tri\\u1ec3n b\\u1edfi AI</h5>\\r\\n<p>V\\u1edbi LG ThinQ AI, b\\u1ea1n c\\u00f3 th\\u1ec3 th\\u1ef1c hi\\u1ec7n r\\u1ea5t nhi\\u1ec1u \\u0111i\\u1ec1u ch\\u1ec9 v\\u1edbi gi\\u1ecdng n\\u00f3i c\\u1ee7a m\\u00ecnh. Ti\\u1ebfp t\\u1ee5c h\\u1ed9i tho\\u1ea1i v\\u1edbi kh\\u1ea3 n\\u0103ng nh\\u1eadn d\\u1ea1ng gi\\u1ecdng n\\u00f3i v\\u00e0 c\\u00f3 \\u0111\\u01b0\\u1ee3c c\\u00e1c \\u0111\\u1ec1 xu\\u1ea5t cho n\\u1ed9i dung t\\u00f9y ch\\u1ec9nh d\\u1ef1a tr\\u00ean th\\u00f3i quen xem TV c\\u1ee7a b\\u1ea1n.</p>\\r\\n<h5>\\u0110\\u1ed9 ph\\u00e2n gi\\u1ea3i 4K, M\\u1ed9t ti\\u00eau chu\\u1ea9n cao m\\u1edbi</h5>\\r\\n<p>Tr\\u1ea3i nghi\\u1ec7m h\\u00ecnh \\u1ea3nh 4K ch\\u00e2n th\\u1ef1c h\\u01a1n v\\u1edbi \\u0111\\u1ed9 chi ti\\u1ebft tuy\\u1ec7t \\u0111\\u1eb9p v\\u00e0 m\\u00e0u s\\u1eafc s\\u1ed1ng \\u0111\\u1ed9ng tr\\u00ean m\\u00e0n h\\u00ecnh IPS c\\u00f3 \\u0111\\u1ed9 ph\\u00e2n gi\\u1ea3i cao g\\u1ea5p b\\u1ed1n l\\u1ea7n so v\\u1edbi Full HD.</p>\\r\\n<p><img src=\\\"https://salt.tikicdn.com/ts/tmp/98/62/24/5da7dd23f9cb87fafce19eb63edd5526.jpg\\\" alt=\\\"Smart Tivi LG 65 inch 4K UHD 65UM7400PTA - H\\u00e0ng Ch\\u00ednh H\\u00e3ng\\\" width=\\\"750\\\" height=\\\"500\\\"></p>\\r\\n<p><img src=\\\"https://salt.tikicdn.com/ts/tmp/2e/6d/c2/992d4e29c4ad89b21fab605b9cdb57b3.jpg\\\" alt=\\\"Smart Tivi LG 65 inch 4K UHD 65UM7400PTA - H\\u00e0ng Ch\\u00ednh H\\u00e3ng\\\" width=\\\"750\\\" height=\\\"500\\\"></p>\\r\\n<h5>H\\u00ecnh \\u1ea3nh lu\\u00f4n s\\u1eafc n\\u00e9t k\\u1ec3 c\\u1ea3 v\\u1edbi g\\u00f3c xem r\\u1ed9ng</h5>\\r\\n<p>Cho d\\u00f9 b\\u1ea1n ng\\u1ed3i ch\\u1ed7 n\\u00e0o, g\\u00f3c xem r\\u1ed9ng c\\u1ee7a t\\u1ea5m n\\u1ec1n IPS 4K gi\\u00fap hi\\u1ec3n th\\u1ecb \\u0111\\u1ed9 ch\\u00ednh x\\u00e1c m\\u00e0u g\\u1ea7n nh\\u01b0 100%, th\\u1eadm ch\\u00ed t\\u1eeb g\\u00f3c xem 60 \\u0111\\u1ed9.</p>\\r\\n<p><img src=\\\"https://salt.tikicdn.com/ts/tmp/b5/a8/ed/2fbfb1cb341e1d749fbe5f91d2f049a8.jpg\\\" alt=\\\"Smart Tivi LG 65 inch 4K UHD 65UM7400PTA - H\\u00e0ng Ch\\u00ednh H\\u00e3ng\\\" width=\\\"750\\\" height=\\\"500\\\"></p>\\r\\n<h5>M\\u00e0u s\\u1eafc trung th\\u1ef1c ch\\u00ednh x\\u00e1c</h5>\\r\\n<p>S\\u1ef1 kh\\u00e1c bi\\u1ec7t m\\u00e0u s\\u1eafc nh\\u1ecf nh\\u1ea5t \\u0111\\u01b0\\u1ee3c ph\\u1ea3n \\u00e1nh ch\\u00ednh x\\u00e1c \\u0111\\u1ec3 mang \\u0111\\u1ebfn \\u0111\\u1ed9 s\\u1eafc n\\u00e9t h\\u01a1n, phong ph\\u00fa h\\u01a1n v\\u00e0 trung th\\u1ef1c h\\u01a1n.</p>\\r\\n<p><img src=\\\"https://salt.tikicdn.com/ts/tmp/a1/f1/72/984254ea1bd97e0db77b14bd6ca7215d.jpg\\\" alt=\\\"Smart Tivi LG 65 inch 4K UHD 65UM7400PTA - H\\u00e0ng Ch\\u00ednh H\\u00e3ng\\\" width=\\\"750\\\" height=\\\"500\\\"></p>\\r\\n<h5>4K Cinema HDR truy\\u1ec1n t\\u1ea3i tr\\u1ecdn v\\u1eb9n \\u00fd t\\u01b0\\u1edfng \\u0111\\u1ea1o di\\u1ec5n</h5>\\r\\n<p>4K Cinema HDR c\\u1ee7a LG mang \\u0111\\u1ebfn h\\u00ecnh \\u1ea3nh c\\u1ee7a nh\\u00e0 l\\u00e0m phim b\\u1eb1ng vi\\u1ec7c h\\u1ed7 tr\\u1ee3 h\\u1ea7u h\\u1ebft c\\u00e1c \\u0111\\u1ecbnh d\\u1ea1ng HDR. \\u0110\\u1eafm ch\\u00ecm trong kh\\u00f4ng gian \\u0111i\\u1ec7n \\u1ea3nh v\\u1edbi c\\u00e1c \\u0111\\u1ecbnh d\\u1ea1ng HDR ch\\u00ednh bao g\\u1ed3m Advanced HDR c\\u1ee7a Techncolor v\\u00e0 HDR10 Pro.</p>\\r\\n<p><img src=\\\"https://salt.tikicdn.com/ts/tmp/31/a8/30/b875bac909639f43f432acd168d844cc.jpg\\\" alt=\\\"Smart Tivi LG 65 inch 4K UHD 65UM7400PTA - H\\u00e0ng Ch\\u00ednh H\\u00e3ng\\\" width=\\\"750\\\" height=\\\"500\\\"></p>\\r\\n<h5>Dolby Vision &amp; Atmos Tr\\u1ea3i nghi\\u1ec7m \\u0111i\\u1ec7n \\u1ea3nh t\\u1ea1i gia</h5>\\r\\n<p>Dolby bi\\u1ebfn ng\\u00f4i nh\\u00e0 b\\u1ea1n th\\u00e0nh m\\u1ed9t \\u0111\\u1ecba \\u0111i\\u1ec3m gi\\u1ea3i tr\\u00ed v\\u1edbi h\\u00ecnh \\u1ea3nh v\\u00e0 \\u00e2m thanh HDR d\\u00e0nh cho \\u0111i\\u1ec7n \\u1ea3nh.</p>\\r\\n<p><img src=\\\"https://salt.tikicdn.com/ts/tmp/69/b1/8b/9fbd4bc25fd47ca2231e96e9261c7757.jpg\\\" alt=\\\"Smart Tivi LG 65 inch 4K UHD 65UM7400PTA - H\\u00e0ng Ch\\u00ednh H\\u00e3ng\\\" width=\\\"750\\\" height=\\\"500\\\"></p>\\r\\n<h5>\\u0110\\u1eafm ch\\u00ecm v\\u00e0o \\u00e2m thanh si\\u00eau v\\u00f2m</h5>\\r\\n<p>M\\u1ed9t tr\\u1ea3i nghi\\u1ec7m gi\\u1ea3i tr\\u00ed ng\\u1eadp tr\\u00e0n h\\u01a1n v\\u1edbi \\u00e2m thanh \\u0111\\u1ebfn t\\u1eeb k\\u00eanh \\u00e2m thanh \\u1ea3o.</p>\\r\\n<p><img src=\\\"https://salt.tikicdn.com/ts/tmp/d6/0e/95/d041242eb3df55cd15b4bd3f4af4d149.jpg\\\" alt=\\\"Smart Tivi LG 65 inch 4K UHD 65UM7400PTA - H\\u00e0ng Ch\\u00ednh H\\u00e3ng\\\" width=\\\"750\\\" height=\\\"500\\\"></p><p>Gi\\u00e1 s\\u1ea3n ph\\u1ea9m tr\\u00ean Tiki \\u0111\\u00e3 bao g\\u1ed3m thu\\u1ebf theo lu\\u1eadt hi\\u1ec7n h\\u00e0nh. Tuy nhi\\u00ean tu\\u1ef3 v\\u00e0o t\\u1eebng lo\\u1ea1i s\\u1ea3n ph\\u1ea9m ho\\u1eb7c ph\\u01b0\\u01a1ng th\\u1ee9c, \\u0111\\u1ecba ch\\u1ec9 giao h\\u00e0ng m\\u00e0 c\\u00f3 th\\u1ec3 ph\\u00e1t sinh th\\u00eam chi ph\\u00ed kh\\u00e1c nh\\u01b0 ph\\u00ed v\\u1eadn chuy\\u1ec3n, ph\\u1ee5 ph\\u00ed h\\u00e0ng c\\u1ed3ng k\\u1ec1nh, ...</p></div>\", \"unit_in_order\": 10, \"product_price\": 100000, \"id\": 1, \"reviews\": [{\"comment\": \"test\", \"account\": {\"email\": \"test@gmail.com\", \"password\": \"123\", \"holder_name\": \"123\", \"id\": 1, \"avatar\": \"https://hedieuhanh.com/wp-content/uploads/2019/08/anh-avatar-buc-minh-cuc-hai-huoc.jpg\"}, \"product_id\": 1, \"time_created\": \"2020-12-08T03:43:34Z\", \"rating_level\": 5, \"id\": 1, \"account_id\": 1}], \"discount\": 10, \"unit_in_stock\": 100, \"images\": [{\"src\": \"https://salt.tikicdn.com/cache/w444/ts/product/62/95/10/4c398ea633e656d39abf5881387ef15d.jpg\", \"product_id\": 1, \"created_time\": \"00:00:00\", \"type\": \"test\", \"id\": 1, \"size\": 11}], \"category_id\": 0, \"product_name\": \"Smart Tivi Samsung HD 32 inch UA32N4300A\", \"quantity\": 123}]','123'),(33,1,'[{\"sku\": {\"sku_name\": \"Group Case TTM\", \"sku_avatar\": \"https://salt.tikicdn.com/cache/w220/ts/seller/35/03/f4/faa07c5e9a861171fb2210063007483b.jpg\", \"id\": 1}, \"rating\": 0, \"sku_id\": 1, \"description\": \"<div>Lo\\u1ea1i Tivi:Smart Tivi, 43 inch<br>\\r\\n\\u0110\\u1ed9 ph\\u00e2n gi\\u1ea3i: 4K Ultra HD (3840 x 2160px)<br>\\r\\nT\\u1ea7n s\\u1ed1 qu\\u00e9t: TM100 (Refresh rate 50Hz)<br>\\r\\nH\\u1ec7 \\u0111i\\u1ec1u h\\u00e0nh: webOS Smart TV<br>\\r\\nC\\u00e1c \\u1ee9ng d\\u1ee5ng s\\u1eb5n c\\u00f3: Youtube, Netflix, Tr\\u00ecnh duy\\u1ec7t web, LG Content Store<br>\\r\\nC\\u00e1c \\u1ee9ng d\\u1ee5ng c\\u00f3 th\\u1ec3 t\\u1ea3i th\\u00eam\\t: FPT Play, ClipTV, Fim+, MyTV, Nhaccuatui, THVLi, HTV, Spotify, Zing TV<br>\\r\\nC\\u00f4ng ngh\\u1ec7 x\\u1eed l\\u00fd h\\u00ecnh \\u1ea3nh: HDR10 Pro, 4K Upscaler, 4K Active HDR, True Color Accuracy<br>\\r\\n\\u0110i\\u1ec1u khi\\u1ec3n tivi b\\u1eb1ng \\u0111i\\u1ec7n tho\\u1ea1i: B\\u1eb1ng \\u1ee9ng d\\u1ee5ng LG TV Plus<br><h5>Thi\\u1ebft k\\u1ebf \\u0111\\u01a1n gi\\u1ea3n, thanh l\\u1ecbch</h5>\\r\\n<p><strong>Smart Tivi LG 4K 43 inch 43UM7400PTA</strong>&nbsp;c\\u00f3 thi\\u1ebft k\\u1ebf t\\u1ed1i gi\\u1ea3n v\\u1edbi vi\\u1ec1n m\\u00e0n h\\u00ecnh m\\u1ecfng, tinh t\\u1ebf gi\\u00fap d\\u1ec5 d\\u00e0ng h\\u00f2a h\\u1ee3p v\\u1edbi b\\u1ea5t k\\u00ec kh\\u00f4ng gian n\\u1ed9i th\\u1ea5t n\\u00e0o. K\\u00edch th\\u01b0\\u1edbc m\\u00e0n h\\u00ecnh 43 inch v\\u1eeba ph\\u1ea3i s\\u1ebd l\\u00e0 l\\u1ef1a ch\\u1ecdn th\\u00edch h\\u1ee3p cho c\\u00e1c kh\\u00f4ng gian v\\u1eeba v\\u00e0 nh\\u1ecf nh\\u01b0 ph\\u00f2ng \\u0103n, ph\\u00f2ng ng\\u1ee7, ph\\u00f2ng l\\u00e0m vi\\u1ec7c,\\u2026</p>\\r\\n<p><img src=\\\"https://salt.tikicdn.com/ts/tmp/5f/a3/13/634c1b86dbcf772b480d14fb148d907d.jpg\\\" alt=\\\"Smart Tivi LG 43 inch 4K UHD 43UM7400PTA - H\\u00e0ng Ch\\u00ednh H\\u00e3ng\\\" width=\\\"750\\\" height=\\\"500\\\"></p>\\r\\n<h5>Tr\\u00ed th\\u00f4ng minh m\\u1edbi ph\\u00e1t tri\\u1ec3n b\\u1edfi AI</h5>\\r\\n<p>V\\u1edbi LG ThinQ AI, b\\u1ea1n c\\u00f3 th\\u1ec3 th\\u1ef1c hi\\u1ec7n r\\u1ea5t nhi\\u1ec1u \\u0111i\\u1ec1u ch\\u1ec9 v\\u1edbi gi\\u1ecdng n\\u00f3i c\\u1ee7a m\\u00ecnh. Ti\\u1ebfp t\\u1ee5c h\\u1ed9i tho\\u1ea1i v\\u1edbi kh\\u1ea3 n\\u0103ng nh\\u1eadn d\\u1ea1ng gi\\u1ecdng n\\u00f3i v\\u00e0 c\\u00f3 \\u0111\\u01b0\\u1ee3c c\\u00e1c \\u0111\\u1ec1 xu\\u1ea5t cho n\\u1ed9i dung t\\u00f9y ch\\u1ec9nh d\\u1ef1a tr\\u00ean th\\u00f3i quen xem TV c\\u1ee7a b\\u1ea1n.</p>\\r\\n<h5>\\u0110\\u1ed9 ph\\u00e2n gi\\u1ea3i 4K, M\\u1ed9t ti\\u00eau chu\\u1ea9n cao m\\u1edbi</h5>\\r\\n<p>Tr\\u1ea3i nghi\\u1ec7m h\\u00ecnh \\u1ea3nh 4K ch\\u00e2n th\\u1ef1c h\\u01a1n v\\u1edbi \\u0111\\u1ed9 chi ti\\u1ebft tuy\\u1ec7t \\u0111\\u1eb9p v\\u00e0 m\\u00e0u s\\u1eafc s\\u1ed1ng \\u0111\\u1ed9ng tr\\u00ean m\\u00e0n h\\u00ecnh IPS c\\u00f3 \\u0111\\u1ed9 ph\\u00e2n gi\\u1ea3i cao g\\u1ea5p b\\u1ed1n l\\u1ea7n so v\\u1edbi Full HD.</p>\\r\\n<p><img src=\\\"https://salt.tikicdn.com/ts/tmp/98/62/24/5da7dd23f9cb87fafce19eb63edd5526.jpg\\\" alt=\\\"Smart Tivi LG 65 inch 4K UHD 65UM7400PTA - H\\u00e0ng Ch\\u00ednh H\\u00e3ng\\\" width=\\\"750\\\" height=\\\"500\\\"></p>\\r\\n<p><img src=\\\"https://salt.tikicdn.com/ts/tmp/2e/6d/c2/992d4e29c4ad89b21fab605b9cdb57b3.jpg\\\" alt=\\\"Smart Tivi LG 65 inch 4K UHD 65UM7400PTA - H\\u00e0ng Ch\\u00ednh H\\u00e3ng\\\" width=\\\"750\\\" height=\\\"500\\\"></p>\\r\\n<h5>H\\u00ecnh \\u1ea3nh lu\\u00f4n s\\u1eafc n\\u00e9t k\\u1ec3 c\\u1ea3 v\\u1edbi g\\u00f3c xem r\\u1ed9ng</h5>\\r\\n<p>Cho d\\u00f9 b\\u1ea1n ng\\u1ed3i ch\\u1ed7 n\\u00e0o, g\\u00f3c xem r\\u1ed9ng c\\u1ee7a t\\u1ea5m n\\u1ec1n IPS 4K gi\\u00fap hi\\u1ec3n th\\u1ecb \\u0111\\u1ed9 ch\\u00ednh x\\u00e1c m\\u00e0u g\\u1ea7n nh\\u01b0 100%, th\\u1eadm ch\\u00ed t\\u1eeb g\\u00f3c xem 60 \\u0111\\u1ed9.</p>\\r\\n<p><img src=\\\"https://salt.tikicdn.com/ts/tmp/b5/a8/ed/2fbfb1cb341e1d749fbe5f91d2f049a8.jpg\\\" alt=\\\"Smart Tivi LG 65 inch 4K UHD 65UM7400PTA - H\\u00e0ng Ch\\u00ednh H\\u00e3ng\\\" width=\\\"750\\\" height=\\\"500\\\"></p>\\r\\n<h5>M\\u00e0u s\\u1eafc trung th\\u1ef1c ch\\u00ednh x\\u00e1c</h5>\\r\\n<p>S\\u1ef1 kh\\u00e1c bi\\u1ec7t m\\u00e0u s\\u1eafc nh\\u1ecf nh\\u1ea5t \\u0111\\u01b0\\u1ee3c ph\\u1ea3n \\u00e1nh ch\\u00ednh x\\u00e1c \\u0111\\u1ec3 mang \\u0111\\u1ebfn \\u0111\\u1ed9 s\\u1eafc n\\u00e9t h\\u01a1n, phong ph\\u00fa h\\u01a1n v\\u00e0 trung th\\u1ef1c h\\u01a1n.</p>\\r\\n<p><img src=\\\"https://salt.tikicdn.com/ts/tmp/a1/f1/72/984254ea1bd97e0db77b14bd6ca7215d.jpg\\\" alt=\\\"Smart Tivi LG 65 inch 4K UHD 65UM7400PTA - H\\u00e0ng Ch\\u00ednh H\\u00e3ng\\\" width=\\\"750\\\" height=\\\"500\\\"></p>\\r\\n<h5>4K Cinema HDR truy\\u1ec1n t\\u1ea3i tr\\u1ecdn v\\u1eb9n \\u00fd t\\u01b0\\u1edfng \\u0111\\u1ea1o di\\u1ec5n</h5>\\r\\n<p>4K Cinema HDR c\\u1ee7a LG mang \\u0111\\u1ebfn h\\u00ecnh \\u1ea3nh c\\u1ee7a nh\\u00e0 l\\u00e0m phim b\\u1eb1ng vi\\u1ec7c h\\u1ed7 tr\\u1ee3 h\\u1ea7u h\\u1ebft c\\u00e1c \\u0111\\u1ecbnh d\\u1ea1ng HDR. \\u0110\\u1eafm ch\\u00ecm trong kh\\u00f4ng gian \\u0111i\\u1ec7n \\u1ea3nh v\\u1edbi c\\u00e1c \\u0111\\u1ecbnh d\\u1ea1ng HDR ch\\u00ednh bao g\\u1ed3m Advanced HDR c\\u1ee7a Techncolor v\\u00e0 HDR10 Pro.</p>\\r\\n<p><img src=\\\"https://salt.tikicdn.com/ts/tmp/31/a8/30/b875bac909639f43f432acd168d844cc.jpg\\\" alt=\\\"Smart Tivi LG 65 inch 4K UHD 65UM7400PTA - H\\u00e0ng Ch\\u00ednh H\\u00e3ng\\\" width=\\\"750\\\" height=\\\"500\\\"></p>\\r\\n<h5>Dolby Vision &amp; Atmos Tr\\u1ea3i nghi\\u1ec7m \\u0111i\\u1ec7n \\u1ea3nh t\\u1ea1i gia</h5>\\r\\n<p>Dolby bi\\u1ebfn ng\\u00f4i nh\\u00e0 b\\u1ea1n th\\u00e0nh m\\u1ed9t \\u0111\\u1ecba \\u0111i\\u1ec3m gi\\u1ea3i tr\\u00ed v\\u1edbi h\\u00ecnh \\u1ea3nh v\\u00e0 \\u00e2m thanh HDR d\\u00e0nh cho \\u0111i\\u1ec7n \\u1ea3nh.</p>\\r\\n<p><img src=\\\"https://salt.tikicdn.com/ts/tmp/69/b1/8b/9fbd4bc25fd47ca2231e96e9261c7757.jpg\\\" alt=\\\"Smart Tivi LG 65 inch 4K UHD 65UM7400PTA - H\\u00e0ng Ch\\u00ednh H\\u00e3ng\\\" width=\\\"750\\\" height=\\\"500\\\"></p>\\r\\n<h5>\\u0110\\u1eafm ch\\u00ecm v\\u00e0o \\u00e2m thanh si\\u00eau v\\u00f2m</h5>\\r\\n<p>M\\u1ed9t tr\\u1ea3i nghi\\u1ec7m gi\\u1ea3i tr\\u00ed ng\\u1eadp tr\\u00e0n h\\u01a1n v\\u1edbi \\u00e2m thanh \\u0111\\u1ebfn t\\u1eeb k\\u00eanh \\u00e2m thanh \\u1ea3o.</p>\\r\\n<p><img src=\\\"https://salt.tikicdn.com/ts/tmp/d6/0e/95/d041242eb3df55cd15b4bd3f4af4d149.jpg\\\" alt=\\\"Smart Tivi LG 65 inch 4K UHD 65UM7400PTA - H\\u00e0ng Ch\\u00ednh H\\u00e3ng\\\" width=\\\"750\\\" height=\\\"500\\\"></p><p>Gi\\u00e1 s\\u1ea3n ph\\u1ea9m tr\\u00ean Tiki \\u0111\\u00e3 bao g\\u1ed3m thu\\u1ebf theo lu\\u1eadt hi\\u1ec7n h\\u00e0nh. Tuy nhi\\u00ean tu\\u1ef3 v\\u00e0o t\\u1eebng lo\\u1ea1i s\\u1ea3n ph\\u1ea9m ho\\u1eb7c ph\\u01b0\\u01a1ng th\\u1ee9c, \\u0111\\u1ecba ch\\u1ec9 giao h\\u00e0ng m\\u00e0 c\\u00f3 th\\u1ec3 ph\\u00e1t sinh th\\u00eam chi ph\\u00ed kh\\u00e1c nh\\u01b0 ph\\u00ed v\\u1eadn chuy\\u1ec3n, ph\\u1ee5 ph\\u00ed h\\u00e0ng c\\u1ed3ng k\\u1ec1nh, ...</p></div>\", \"unit_in_order\": 10, \"product_price\": 100000, \"id\": 1, \"reviews\": [{\"comment\": \"test\", \"account\": {\"email\": \"test@gmail.com\", \"password\": \"123\", \"holder_name\": \"123\", \"id\": 1, \"avatar\": \"https://hedieuhanh.com/wp-content/uploads/2019/08/anh-avatar-buc-minh-cuc-hai-huoc.jpg\"}, \"product_id\": 1, \"time_created\": \"2020-12-08T03:43:34Z\", \"rating_level\": 5, \"id\": 1, \"account_id\": 1}], \"discount\": 10, \"unit_in_stock\": 100, \"images\": [{\"src\": \"https://salt.tikicdn.com/cache/w444/ts/product/62/95/10/4c398ea633e656d39abf5881387ef15d.jpg\", \"product_id\": 1, \"created_time\": \"00:00:00\", \"type\": \"test\", \"id\": 1, \"size\": 11}], \"category_id\": 0, \"product_name\": \"Smart Tivi Samsung HD 32 inch UA32N4300A\", \"quantity\": 123}]','123'),(34,1,'[{\"sku\": {\"sku_name\": \"Group Case TTM\", \"sku_avatar\": \"https://salt.tikicdn.com/cache/w220/ts/seller/35/03/f4/faa07c5e9a861171fb2210063007483b.jpg\", \"id\": 1}, \"rating\": 0, \"sku_id\": 1, \"description\": \"<div>Lo\\u1ea1i Tivi:Smart Tivi, 43 inch<br>\\r\\n\\u0110\\u1ed9 ph\\u00e2n gi\\u1ea3i: 4K Ultra HD (3840 x 2160px)<br>\\r\\nT\\u1ea7n s\\u1ed1 qu\\u00e9t: TM100 (Refresh rate 50Hz)<br>\\r\\nH\\u1ec7 \\u0111i\\u1ec1u h\\u00e0nh: webOS Smart TV<br>\\r\\nC\\u00e1c \\u1ee9ng d\\u1ee5ng s\\u1eb5n c\\u00f3: Youtube, Netflix, Tr\\u00ecnh duy\\u1ec7t web, LG Content Store<br>\\r\\nC\\u00e1c \\u1ee9ng d\\u1ee5ng c\\u00f3 th\\u1ec3 t\\u1ea3i th\\u00eam\\t: FPT Play, ClipTV, Fim+, MyTV, Nhaccuatui, THVLi, HTV, Spotify, Zing TV<br>\\r\\nC\\u00f4ng ngh\\u1ec7 x\\u1eed l\\u00fd h\\u00ecnh \\u1ea3nh: HDR10 Pro, 4K Upscaler, 4K Active HDR, True Color Accuracy<br>\\r\\n\\u0110i\\u1ec1u khi\\u1ec3n tivi b\\u1eb1ng \\u0111i\\u1ec7n tho\\u1ea1i: B\\u1eb1ng \\u1ee9ng d\\u1ee5ng LG TV Plus<br><h5>Thi\\u1ebft k\\u1ebf \\u0111\\u01a1n gi\\u1ea3n, thanh l\\u1ecbch</h5>\\r\\n<p><strong>Smart Tivi LG 4K 43 inch 43UM7400PTA</strong>&nbsp;c\\u00f3 thi\\u1ebft k\\u1ebf t\\u1ed1i gi\\u1ea3n v\\u1edbi vi\\u1ec1n m\\u00e0n h\\u00ecnh m\\u1ecfng, tinh t\\u1ebf gi\\u00fap d\\u1ec5 d\\u00e0ng h\\u00f2a h\\u1ee3p v\\u1edbi b\\u1ea5t k\\u00ec kh\\u00f4ng gian n\\u1ed9i th\\u1ea5t n\\u00e0o. K\\u00edch th\\u01b0\\u1edbc m\\u00e0n h\\u00ecnh 43 inch v\\u1eeba ph\\u1ea3i s\\u1ebd l\\u00e0 l\\u1ef1a ch\\u1ecdn th\\u00edch h\\u1ee3p cho c\\u00e1c kh\\u00f4ng gian v\\u1eeba v\\u00e0 nh\\u1ecf nh\\u01b0 ph\\u00f2ng \\u0103n, ph\\u00f2ng ng\\u1ee7, ph\\u00f2ng l\\u00e0m vi\\u1ec7c,\\u2026</p>\\r\\n<p><img src=\\\"https://salt.tikicdn.com/ts/tmp/5f/a3/13/634c1b86dbcf772b480d14fb148d907d.jpg\\\" alt=\\\"Smart Tivi LG 43 inch 4K UHD 43UM7400PTA - H\\u00e0ng Ch\\u00ednh H\\u00e3ng\\\" width=\\\"750\\\" height=\\\"500\\\"></p>\\r\\n<h5>Tr\\u00ed th\\u00f4ng minh m\\u1edbi ph\\u00e1t tri\\u1ec3n b\\u1edfi AI</h5>\\r\\n<p>V\\u1edbi LG ThinQ AI, b\\u1ea1n c\\u00f3 th\\u1ec3 th\\u1ef1c hi\\u1ec7n r\\u1ea5t nhi\\u1ec1u \\u0111i\\u1ec1u ch\\u1ec9 v\\u1edbi gi\\u1ecdng n\\u00f3i c\\u1ee7a m\\u00ecnh. Ti\\u1ebfp t\\u1ee5c h\\u1ed9i tho\\u1ea1i v\\u1edbi kh\\u1ea3 n\\u0103ng nh\\u1eadn d\\u1ea1ng gi\\u1ecdng n\\u00f3i v\\u00e0 c\\u00f3 \\u0111\\u01b0\\u1ee3c c\\u00e1c \\u0111\\u1ec1 xu\\u1ea5t cho n\\u1ed9i dung t\\u00f9y ch\\u1ec9nh d\\u1ef1a tr\\u00ean th\\u00f3i quen xem TV c\\u1ee7a b\\u1ea1n.</p>\\r\\n<h5>\\u0110\\u1ed9 ph\\u00e2n gi\\u1ea3i 4K, M\\u1ed9t ti\\u00eau chu\\u1ea9n cao m\\u1edbi</h5>\\r\\n<p>Tr\\u1ea3i nghi\\u1ec7m h\\u00ecnh \\u1ea3nh 4K ch\\u00e2n th\\u1ef1c h\\u01a1n v\\u1edbi \\u0111\\u1ed9 chi ti\\u1ebft tuy\\u1ec7t \\u0111\\u1eb9p v\\u00e0 m\\u00e0u s\\u1eafc s\\u1ed1ng \\u0111\\u1ed9ng tr\\u00ean m\\u00e0n h\\u00ecnh IPS c\\u00f3 \\u0111\\u1ed9 ph\\u00e2n gi\\u1ea3i cao g\\u1ea5p b\\u1ed1n l\\u1ea7n so v\\u1edbi Full HD.</p>\\r\\n<p><img src=\\\"https://salt.tikicdn.com/ts/tmp/98/62/24/5da7dd23f9cb87fafce19eb63edd5526.jpg\\\" alt=\\\"Smart Tivi LG 65 inch 4K UHD 65UM7400PTA - H\\u00e0ng Ch\\u00ednh H\\u00e3ng\\\" width=\\\"750\\\" height=\\\"500\\\"></p>\\r\\n<p><img src=\\\"https://salt.tikicdn.com/ts/tmp/2e/6d/c2/992d4e29c4ad89b21fab605b9cdb57b3.jpg\\\" alt=\\\"Smart Tivi LG 65 inch 4K UHD 65UM7400PTA - H\\u00e0ng Ch\\u00ednh H\\u00e3ng\\\" width=\\\"750\\\" height=\\\"500\\\"></p>\\r\\n<h5>H\\u00ecnh \\u1ea3nh lu\\u00f4n s\\u1eafc n\\u00e9t k\\u1ec3 c\\u1ea3 v\\u1edbi g\\u00f3c xem r\\u1ed9ng</h5>\\r\\n<p>Cho d\\u00f9 b\\u1ea1n ng\\u1ed3i ch\\u1ed7 n\\u00e0o, g\\u00f3c xem r\\u1ed9ng c\\u1ee7a t\\u1ea5m n\\u1ec1n IPS 4K gi\\u00fap hi\\u1ec3n th\\u1ecb \\u0111\\u1ed9 ch\\u00ednh x\\u00e1c m\\u00e0u g\\u1ea7n nh\\u01b0 100%, th\\u1eadm ch\\u00ed t\\u1eeb g\\u00f3c xem 60 \\u0111\\u1ed9.</p>\\r\\n<p><img src=\\\"https://salt.tikicdn.com/ts/tmp/b5/a8/ed/2fbfb1cb341e1d749fbe5f91d2f049a8.jpg\\\" alt=\\\"Smart Tivi LG 65 inch 4K UHD 65UM7400PTA - H\\u00e0ng Ch\\u00ednh H\\u00e3ng\\\" width=\\\"750\\\" height=\\\"500\\\"></p>\\r\\n<h5>M\\u00e0u s\\u1eafc trung th\\u1ef1c ch\\u00ednh x\\u00e1c</h5>\\r\\n<p>S\\u1ef1 kh\\u00e1c bi\\u1ec7t m\\u00e0u s\\u1eafc nh\\u1ecf nh\\u1ea5t \\u0111\\u01b0\\u1ee3c ph\\u1ea3n \\u00e1nh ch\\u00ednh x\\u00e1c \\u0111\\u1ec3 mang \\u0111\\u1ebfn \\u0111\\u1ed9 s\\u1eafc n\\u00e9t h\\u01a1n, phong ph\\u00fa h\\u01a1n v\\u00e0 trung th\\u1ef1c h\\u01a1n.</p>\\r\\n<p><img src=\\\"https://salt.tikicdn.com/ts/tmp/a1/f1/72/984254ea1bd97e0db77b14bd6ca7215d.jpg\\\" alt=\\\"Smart Tivi LG 65 inch 4K UHD 65UM7400PTA - H\\u00e0ng Ch\\u00ednh H\\u00e3ng\\\" width=\\\"750\\\" height=\\\"500\\\"></p>\\r\\n<h5>4K Cinema HDR truy\\u1ec1n t\\u1ea3i tr\\u1ecdn v\\u1eb9n \\u00fd t\\u01b0\\u1edfng \\u0111\\u1ea1o di\\u1ec5n</h5>\\r\\n<p>4K Cinema HDR c\\u1ee7a LG mang \\u0111\\u1ebfn h\\u00ecnh \\u1ea3nh c\\u1ee7a nh\\u00e0 l\\u00e0m phim b\\u1eb1ng vi\\u1ec7c h\\u1ed7 tr\\u1ee3 h\\u1ea7u h\\u1ebft c\\u00e1c \\u0111\\u1ecbnh d\\u1ea1ng HDR. \\u0110\\u1eafm ch\\u00ecm trong kh\\u00f4ng gian \\u0111i\\u1ec7n \\u1ea3nh v\\u1edbi c\\u00e1c \\u0111\\u1ecbnh d\\u1ea1ng HDR ch\\u00ednh bao g\\u1ed3m Advanced HDR c\\u1ee7a Techncolor v\\u00e0 HDR10 Pro.</p>\\r\\n<p><img src=\\\"https://salt.tikicdn.com/ts/tmp/31/a8/30/b875bac909639f43f432acd168d844cc.jpg\\\" alt=\\\"Smart Tivi LG 65 inch 4K UHD 65UM7400PTA - H\\u00e0ng Ch\\u00ednh H\\u00e3ng\\\" width=\\\"750\\\" height=\\\"500\\\"></p>\\r\\n<h5>Dolby Vision &amp; Atmos Tr\\u1ea3i nghi\\u1ec7m \\u0111i\\u1ec7n \\u1ea3nh t\\u1ea1i gia</h5>\\r\\n<p>Dolby bi\\u1ebfn ng\\u00f4i nh\\u00e0 b\\u1ea1n th\\u00e0nh m\\u1ed9t \\u0111\\u1ecba \\u0111i\\u1ec3m gi\\u1ea3i tr\\u00ed v\\u1edbi h\\u00ecnh \\u1ea3nh v\\u00e0 \\u00e2m thanh HDR d\\u00e0nh cho \\u0111i\\u1ec7n \\u1ea3nh.</p>\\r\\n<p><img src=\\\"https://salt.tikicdn.com/ts/tmp/69/b1/8b/9fbd4bc25fd47ca2231e96e9261c7757.jpg\\\" alt=\\\"Smart Tivi LG 65 inch 4K UHD 65UM7400PTA - H\\u00e0ng Ch\\u00ednh H\\u00e3ng\\\" width=\\\"750\\\" height=\\\"500\\\"></p>\\r\\n<h5>\\u0110\\u1eafm ch\\u00ecm v\\u00e0o \\u00e2m thanh si\\u00eau v\\u00f2m</h5>\\r\\n<p>M\\u1ed9t tr\\u1ea3i nghi\\u1ec7m gi\\u1ea3i tr\\u00ed ng\\u1eadp tr\\u00e0n h\\u01a1n v\\u1edbi \\u00e2m thanh \\u0111\\u1ebfn t\\u1eeb k\\u00eanh \\u00e2m thanh \\u1ea3o.</p>\\r\\n<p><img src=\\\"https://salt.tikicdn.com/ts/tmp/d6/0e/95/d041242eb3df55cd15b4bd3f4af4d149.jpg\\\" alt=\\\"Smart Tivi LG 65 inch 4K UHD 65UM7400PTA - H\\u00e0ng Ch\\u00ednh H\\u00e3ng\\\" width=\\\"750\\\" height=\\\"500\\\"></p><p>Gi\\u00e1 s\\u1ea3n ph\\u1ea9m tr\\u00ean Tiki \\u0111\\u00e3 bao g\\u1ed3m thu\\u1ebf theo lu\\u1eadt hi\\u1ec7n h\\u00e0nh. Tuy nhi\\u00ean tu\\u1ef3 v\\u00e0o t\\u1eebng lo\\u1ea1i s\\u1ea3n ph\\u1ea9m ho\\u1eb7c ph\\u01b0\\u01a1ng th\\u1ee9c, \\u0111\\u1ecba ch\\u1ec9 giao h\\u00e0ng m\\u00e0 c\\u00f3 th\\u1ec3 ph\\u00e1t sinh th\\u00eam chi ph\\u00ed kh\\u00e1c nh\\u01b0 ph\\u00ed v\\u1eadn chuy\\u1ec3n, ph\\u1ee5 ph\\u00ed h\\u00e0ng c\\u1ed3ng k\\u1ec1nh, ...</p></div>\", \"unit_in_order\": 10, \"product_price\": 100000, \"id\": 1, \"reviews\": [{\"comment\": \"test\", \"account\": {\"email\": \"test@gmail.com\", \"password\": \"123\", \"holder_name\": \"123\", \"id\": 1, \"avatar\": \"https://hedieuhanh.com/wp-content/uploads/2019/08/anh-avatar-buc-minh-cuc-hai-huoc.jpg\"}, \"product_id\": 1, \"time_created\": \"2020-12-08T03:43:34Z\", \"rating_level\": 5, \"id\": 1, \"account_id\": 1}], \"discount\": 10, \"unit_in_stock\": 100, \"images\": [{\"src\": \"https://salt.tikicdn.com/cache/w444/ts/product/62/95/10/4c398ea633e656d39abf5881387ef15d.jpg\", \"product_id\": 1, \"created_time\": \"00:00:00\", \"type\": \"test\", \"id\": 1, \"size\": 11}], \"category_id\": 0, \"product_name\": \"Smart Tivi Samsung HD 32 inch UA32N4300A\", \"quantity\": 123}]','123'),(35,1,'[{\"sku\": {\"sku_name\": \"Group Case TTM\", \"sku_avatar\": \"https://salt.tikicdn.com/cache/w220/ts/seller/35/03/f4/faa07c5e9a861171fb2210063007483b.jpg\", \"id\": 1}, \"rating\": 0, \"sku_id\": 1, \"description\": \"<div>Lo\\u1ea1i Tivi:Smart Tivi, 43 inch<br>\\r\\n\\u0110\\u1ed9 ph\\u00e2n gi\\u1ea3i: 4K Ultra HD (3840 x 2160px)<br>\\r\\nT\\u1ea7n s\\u1ed1 qu\\u00e9t: TM100 (Refresh rate 50Hz)<br>\\r\\nH\\u1ec7 \\u0111i\\u1ec1u h\\u00e0nh: webOS Smart TV<br>\\r\\nC\\u00e1c \\u1ee9ng d\\u1ee5ng s\\u1eb5n c\\u00f3: Youtube, Netflix, Tr\\u00ecnh duy\\u1ec7t web, LG Content Store<br>\\r\\nC\\u00e1c \\u1ee9ng d\\u1ee5ng c\\u00f3 th\\u1ec3 t\\u1ea3i th\\u00eam\\t: FPT Play, ClipTV, Fim+, MyTV, Nhaccuatui, THVLi, HTV, Spotify, Zing TV<br>\\r\\nC\\u00f4ng ngh\\u1ec7 x\\u1eed l\\u00fd h\\u00ecnh \\u1ea3nh: HDR10 Pro, 4K Upscaler, 4K Active HDR, True Color Accuracy<br>\\r\\n\\u0110i\\u1ec1u khi\\u1ec3n tivi b\\u1eb1ng \\u0111i\\u1ec7n tho\\u1ea1i: B\\u1eb1ng \\u1ee9ng d\\u1ee5ng LG TV Plus<br><h5>Thi\\u1ebft k\\u1ebf \\u0111\\u01a1n gi\\u1ea3n, thanh l\\u1ecbch</h5>\\r\\n<p><strong>Smart Tivi LG 4K 43 inch 43UM7400PTA</strong>&nbsp;c\\u00f3 thi\\u1ebft k\\u1ebf t\\u1ed1i gi\\u1ea3n v\\u1edbi vi\\u1ec1n m\\u00e0n h\\u00ecnh m\\u1ecfng, tinh t\\u1ebf gi\\u00fap d\\u1ec5 d\\u00e0ng h\\u00f2a h\\u1ee3p v\\u1edbi b\\u1ea5t k\\u00ec kh\\u00f4ng gian n\\u1ed9i th\\u1ea5t n\\u00e0o. K\\u00edch th\\u01b0\\u1edbc m\\u00e0n h\\u00ecnh 43 inch v\\u1eeba ph\\u1ea3i s\\u1ebd l\\u00e0 l\\u1ef1a ch\\u1ecdn th\\u00edch h\\u1ee3p cho c\\u00e1c kh\\u00f4ng gian v\\u1eeba v\\u00e0 nh\\u1ecf nh\\u01b0 ph\\u00f2ng \\u0103n, ph\\u00f2ng ng\\u1ee7, ph\\u00f2ng l\\u00e0m vi\\u1ec7c,\\u2026</p>\\r\\n<p><img src=\\\"https://salt.tikicdn.com/ts/tmp/5f/a3/13/634c1b86dbcf772b480d14fb148d907d.jpg\\\" alt=\\\"Smart Tivi LG 43 inch 4K UHD 43UM7400PTA - H\\u00e0ng Ch\\u00ednh H\\u00e3ng\\\" width=\\\"750\\\" height=\\\"500\\\"></p>\\r\\n<h5>Tr\\u00ed th\\u00f4ng minh m\\u1edbi ph\\u00e1t tri\\u1ec3n b\\u1edfi AI</h5>\\r\\n<p>V\\u1edbi LG ThinQ AI, b\\u1ea1n c\\u00f3 th\\u1ec3 th\\u1ef1c hi\\u1ec7n r\\u1ea5t nhi\\u1ec1u \\u0111i\\u1ec1u ch\\u1ec9 v\\u1edbi gi\\u1ecdng n\\u00f3i c\\u1ee7a m\\u00ecnh. Ti\\u1ebfp t\\u1ee5c h\\u1ed9i tho\\u1ea1i v\\u1edbi kh\\u1ea3 n\\u0103ng nh\\u1eadn d\\u1ea1ng gi\\u1ecdng n\\u00f3i v\\u00e0 c\\u00f3 \\u0111\\u01b0\\u1ee3c c\\u00e1c \\u0111\\u1ec1 xu\\u1ea5t cho n\\u1ed9i dung t\\u00f9y ch\\u1ec9nh d\\u1ef1a tr\\u00ean th\\u00f3i quen xem TV c\\u1ee7a b\\u1ea1n.</p>\\r\\n<h5>\\u0110\\u1ed9 ph\\u00e2n gi\\u1ea3i 4K, M\\u1ed9t ti\\u00eau chu\\u1ea9n cao m\\u1edbi</h5>\\r\\n<p>Tr\\u1ea3i nghi\\u1ec7m h\\u00ecnh \\u1ea3nh 4K ch\\u00e2n th\\u1ef1c h\\u01a1n v\\u1edbi \\u0111\\u1ed9 chi ti\\u1ebft tuy\\u1ec7t \\u0111\\u1eb9p v\\u00e0 m\\u00e0u s\\u1eafc s\\u1ed1ng \\u0111\\u1ed9ng tr\\u00ean m\\u00e0n h\\u00ecnh IPS c\\u00f3 \\u0111\\u1ed9 ph\\u00e2n gi\\u1ea3i cao g\\u1ea5p b\\u1ed1n l\\u1ea7n so v\\u1edbi Full HD.</p>\\r\\n<p><img src=\\\"https://salt.tikicdn.com/ts/tmp/98/62/24/5da7dd23f9cb87fafce19eb63edd5526.jpg\\\" alt=\\\"Smart Tivi LG 65 inch 4K UHD 65UM7400PTA - H\\u00e0ng Ch\\u00ednh H\\u00e3ng\\\" width=\\\"750\\\" height=\\\"500\\\"></p>\\r\\n<p><img src=\\\"https://salt.tikicdn.com/ts/tmp/2e/6d/c2/992d4e29c4ad89b21fab605b9cdb57b3.jpg\\\" alt=\\\"Smart Tivi LG 65 inch 4K UHD 65UM7400PTA - H\\u00e0ng Ch\\u00ednh H\\u00e3ng\\\" width=\\\"750\\\" height=\\\"500\\\"></p>\\r\\n<h5>H\\u00ecnh \\u1ea3nh lu\\u00f4n s\\u1eafc n\\u00e9t k\\u1ec3 c\\u1ea3 v\\u1edbi g\\u00f3c xem r\\u1ed9ng</h5>\\r\\n<p>Cho d\\u00f9 b\\u1ea1n ng\\u1ed3i ch\\u1ed7 n\\u00e0o, g\\u00f3c xem r\\u1ed9ng c\\u1ee7a t\\u1ea5m n\\u1ec1n IPS 4K gi\\u00fap hi\\u1ec3n th\\u1ecb \\u0111\\u1ed9 ch\\u00ednh x\\u00e1c m\\u00e0u g\\u1ea7n nh\\u01b0 100%, th\\u1eadm ch\\u00ed t\\u1eeb g\\u00f3c xem 60 \\u0111\\u1ed9.</p>\\r\\n<p><img src=\\\"https://salt.tikicdn.com/ts/tmp/b5/a8/ed/2fbfb1cb341e1d749fbe5f91d2f049a8.jpg\\\" alt=\\\"Smart Tivi LG 65 inch 4K UHD 65UM7400PTA - H\\u00e0ng Ch\\u00ednh H\\u00e3ng\\\" width=\\\"750\\\" height=\\\"500\\\"></p>\\r\\n<h5>M\\u00e0u s\\u1eafc trung th\\u1ef1c ch\\u00ednh x\\u00e1c</h5>\\r\\n<p>S\\u1ef1 kh\\u00e1c bi\\u1ec7t m\\u00e0u s\\u1eafc nh\\u1ecf nh\\u1ea5t \\u0111\\u01b0\\u1ee3c ph\\u1ea3n \\u00e1nh ch\\u00ednh x\\u00e1c \\u0111\\u1ec3 mang \\u0111\\u1ebfn \\u0111\\u1ed9 s\\u1eafc n\\u00e9t h\\u01a1n, phong ph\\u00fa h\\u01a1n v\\u00e0 trung th\\u1ef1c h\\u01a1n.</p>\\r\\n<p><img src=\\\"https://salt.tikicdn.com/ts/tmp/a1/f1/72/984254ea1bd97e0db77b14bd6ca7215d.jpg\\\" alt=\\\"Smart Tivi LG 65 inch 4K UHD 65UM7400PTA - H\\u00e0ng Ch\\u00ednh H\\u00e3ng\\\" width=\\\"750\\\" height=\\\"500\\\"></p>\\r\\n<h5>4K Cinema HDR truy\\u1ec1n t\\u1ea3i tr\\u1ecdn v\\u1eb9n \\u00fd t\\u01b0\\u1edfng \\u0111\\u1ea1o di\\u1ec5n</h5>\\r\\n<p>4K Cinema HDR c\\u1ee7a LG mang \\u0111\\u1ebfn h\\u00ecnh \\u1ea3nh c\\u1ee7a nh\\u00e0 l\\u00e0m phim b\\u1eb1ng vi\\u1ec7c h\\u1ed7 tr\\u1ee3 h\\u1ea7u h\\u1ebft c\\u00e1c \\u0111\\u1ecbnh d\\u1ea1ng HDR. \\u0110\\u1eafm ch\\u00ecm trong kh\\u00f4ng gian \\u0111i\\u1ec7n \\u1ea3nh v\\u1edbi c\\u00e1c \\u0111\\u1ecbnh d\\u1ea1ng HDR ch\\u00ednh bao g\\u1ed3m Advanced HDR c\\u1ee7a Techncolor v\\u00e0 HDR10 Pro.</p>\\r\\n<p><img src=\\\"https://salt.tikicdn.com/ts/tmp/31/a8/30/b875bac909639f43f432acd168d844cc.jpg\\\" alt=\\\"Smart Tivi LG 65 inch 4K UHD 65UM7400PTA - H\\u00e0ng Ch\\u00ednh H\\u00e3ng\\\" width=\\\"750\\\" height=\\\"500\\\"></p>\\r\\n<h5>Dolby Vision &amp; Atmos Tr\\u1ea3i nghi\\u1ec7m \\u0111i\\u1ec7n \\u1ea3nh t\\u1ea1i gia</h5>\\r\\n<p>Dolby bi\\u1ebfn ng\\u00f4i nh\\u00e0 b\\u1ea1n th\\u00e0nh m\\u1ed9t \\u0111\\u1ecba \\u0111i\\u1ec3m gi\\u1ea3i tr\\u00ed v\\u1edbi h\\u00ecnh \\u1ea3nh v\\u00e0 \\u00e2m thanh HDR d\\u00e0nh cho \\u0111i\\u1ec7n \\u1ea3nh.</p>\\r\\n<p><img src=\\\"https://salt.tikicdn.com/ts/tmp/69/b1/8b/9fbd4bc25fd47ca2231e96e9261c7757.jpg\\\" alt=\\\"Smart Tivi LG 65 inch 4K UHD 65UM7400PTA - H\\u00e0ng Ch\\u00ednh H\\u00e3ng\\\" width=\\\"750\\\" height=\\\"500\\\"></p>\\r\\n<h5>\\u0110\\u1eafm ch\\u00ecm v\\u00e0o \\u00e2m thanh si\\u00eau v\\u00f2m</h5>\\r\\n<p>M\\u1ed9t tr\\u1ea3i nghi\\u1ec7m gi\\u1ea3i tr\\u00ed ng\\u1eadp tr\\u00e0n h\\u01a1n v\\u1edbi \\u00e2m thanh \\u0111\\u1ebfn t\\u1eeb k\\u00eanh \\u00e2m thanh \\u1ea3o.</p>\\r\\n<p><img src=\\\"https://salt.tikicdn.com/ts/tmp/d6/0e/95/d041242eb3df55cd15b4bd3f4af4d149.jpg\\\" alt=\\\"Smart Tivi LG 65 inch 4K UHD 65UM7400PTA - H\\u00e0ng Ch\\u00ednh H\\u00e3ng\\\" width=\\\"750\\\" height=\\\"500\\\"></p><p>Gi\\u00e1 s\\u1ea3n ph\\u1ea9m tr\\u00ean Tiki \\u0111\\u00e3 bao g\\u1ed3m thu\\u1ebf theo lu\\u1eadt hi\\u1ec7n h\\u00e0nh. Tuy nhi\\u00ean tu\\u1ef3 v\\u00e0o t\\u1eebng lo\\u1ea1i s\\u1ea3n ph\\u1ea9m ho\\u1eb7c ph\\u01b0\\u01a1ng th\\u1ee9c, \\u0111\\u1ecba ch\\u1ec9 giao h\\u00e0ng m\\u00e0 c\\u00f3 th\\u1ec3 ph\\u00e1t sinh th\\u00eam chi ph\\u00ed kh\\u00e1c nh\\u01b0 ph\\u00ed v\\u1eadn chuy\\u1ec3n, ph\\u1ee5 ph\\u00ed h\\u00e0ng c\\u1ed3ng k\\u1ec1nh, ...</p></div>\", \"unit_in_order\": 10, \"product_price\": 100000, \"id\": 1, \"reviews\": [{\"comment\": \"test\", \"account\": {\"email\": \"test@gmail.com\", \"password\": \"123\", \"holder_name\": \"123\", \"id\": 1, \"avatar\": \"https://hedieuhanh.com/wp-content/uploads/2019/08/anh-avatar-buc-minh-cuc-hai-huoc.jpg\"}, \"product_id\": 1, \"time_created\": \"2020-12-08T03:43:34Z\", \"rating_level\": 5, \"id\": 1, \"account_id\": 1}], \"discount\": 10, \"unit_in_stock\": 100, \"images\": [{\"src\": \"https://salt.tikicdn.com/cache/w444/ts/product/62/95/10/4c398ea633e656d39abf5881387ef15d.jpg\", \"product_id\": 1, \"created_time\": \"00:00:00\", \"type\": \"test\", \"id\": 1, \"size\": 11}], \"category_id\": 0, \"product_name\": \"Smart Tivi Samsung HD 32 inch UA32N4300A\", \"quantity\": 123}]','123'),(36,1,'[{\"sku\": {\"sku_name\": \"Group Case TTM\", \"sku_avatar\": \"https://salt.tikicdn.com/cache/w220/ts/seller/35/03/f4/faa07c5e9a861171fb2210063007483b.jpg\", \"id\": 1}, \"rating\": 0, \"sku_id\": 1, \"description\": \"<div>Lo\\u1ea1i Tivi:Smart Tivi, 43 inch<br>\\r\\n\\u0110\\u1ed9 ph\\u00e2n gi\\u1ea3i: 4K Ultra HD (3840 x 2160px)<br>\\r\\nT\\u1ea7n s\\u1ed1 qu\\u00e9t: TM100 (Refresh rate 50Hz)<br>\\r\\nH\\u1ec7 \\u0111i\\u1ec1u h\\u00e0nh: webOS Smart TV<br>\\r\\nC\\u00e1c \\u1ee9ng d\\u1ee5ng s\\u1eb5n c\\u00f3: Youtube, Netflix, Tr\\u00ecnh duy\\u1ec7t web, LG Content Store<br>\\r\\nC\\u00e1c \\u1ee9ng d\\u1ee5ng c\\u00f3 th\\u1ec3 t\\u1ea3i th\\u00eam\\t: FPT Play, ClipTV, Fim+, MyTV, Nhaccuatui, THVLi, HTV, Spotify, Zing TV<br>\\r\\nC\\u00f4ng ngh\\u1ec7 x\\u1eed l\\u00fd h\\u00ecnh \\u1ea3nh: HDR10 Pro, 4K Upscaler, 4K Active HDR, True Color Accuracy<br>\\r\\n\\u0110i\\u1ec1u khi\\u1ec3n tivi b\\u1eb1ng \\u0111i\\u1ec7n tho\\u1ea1i: B\\u1eb1ng \\u1ee9ng d\\u1ee5ng LG TV Plus<br><h5>Thi\\u1ebft k\\u1ebf \\u0111\\u01a1n gi\\u1ea3n, thanh l\\u1ecbch</h5>\\r\\n<p><strong>Smart Tivi LG 4K 43 inch 43UM7400PTA</strong>&nbsp;c\\u00f3 thi\\u1ebft k\\u1ebf t\\u1ed1i gi\\u1ea3n v\\u1edbi vi\\u1ec1n m\\u00e0n h\\u00ecnh m\\u1ecfng, tinh t\\u1ebf gi\\u00fap d\\u1ec5 d\\u00e0ng h\\u00f2a h\\u1ee3p v\\u1edbi b\\u1ea5t k\\u00ec kh\\u00f4ng gian n\\u1ed9i th\\u1ea5t n\\u00e0o. K\\u00edch th\\u01b0\\u1edbc m\\u00e0n h\\u00ecnh 43 inch v\\u1eeba ph\\u1ea3i s\\u1ebd l\\u00e0 l\\u1ef1a ch\\u1ecdn th\\u00edch h\\u1ee3p cho c\\u00e1c kh\\u00f4ng gian v\\u1eeba v\\u00e0 nh\\u1ecf nh\\u01b0 ph\\u00f2ng \\u0103n, ph\\u00f2ng ng\\u1ee7, ph\\u00f2ng l\\u00e0m vi\\u1ec7c,\\u2026</p>\\r\\n<p><img src=\\\"https://salt.tikicdn.com/ts/tmp/5f/a3/13/634c1b86dbcf772b480d14fb148d907d.jpg\\\" alt=\\\"Smart Tivi LG 43 inch 4K UHD 43UM7400PTA - H\\u00e0ng Ch\\u00ednh H\\u00e3ng\\\" width=\\\"750\\\" height=\\\"500\\\"></p>\\r\\n<h5>Tr\\u00ed th\\u00f4ng minh m\\u1edbi ph\\u00e1t tri\\u1ec3n b\\u1edfi AI</h5>\\r\\n<p>V\\u1edbi LG ThinQ AI, b\\u1ea1n c\\u00f3 th\\u1ec3 th\\u1ef1c hi\\u1ec7n r\\u1ea5t nhi\\u1ec1u \\u0111i\\u1ec1u ch\\u1ec9 v\\u1edbi gi\\u1ecdng n\\u00f3i c\\u1ee7a m\\u00ecnh. Ti\\u1ebfp t\\u1ee5c h\\u1ed9i tho\\u1ea1i v\\u1edbi kh\\u1ea3 n\\u0103ng nh\\u1eadn d\\u1ea1ng gi\\u1ecdng n\\u00f3i v\\u00e0 c\\u00f3 \\u0111\\u01b0\\u1ee3c c\\u00e1c \\u0111\\u1ec1 xu\\u1ea5t cho n\\u1ed9i dung t\\u00f9y ch\\u1ec9nh d\\u1ef1a tr\\u00ean th\\u00f3i quen xem TV c\\u1ee7a b\\u1ea1n.</p>\\r\\n<h5>\\u0110\\u1ed9 ph\\u00e2n gi\\u1ea3i 4K, M\\u1ed9t ti\\u00eau chu\\u1ea9n cao m\\u1edbi</h5>\\r\\n<p>Tr\\u1ea3i nghi\\u1ec7m h\\u00ecnh \\u1ea3nh 4K ch\\u00e2n th\\u1ef1c h\\u01a1n v\\u1edbi \\u0111\\u1ed9 chi ti\\u1ebft tuy\\u1ec7t \\u0111\\u1eb9p v\\u00e0 m\\u00e0u s\\u1eafc s\\u1ed1ng \\u0111\\u1ed9ng tr\\u00ean m\\u00e0n h\\u00ecnh IPS c\\u00f3 \\u0111\\u1ed9 ph\\u00e2n gi\\u1ea3i cao g\\u1ea5p b\\u1ed1n l\\u1ea7n so v\\u1edbi Full HD.</p>\\r\\n<p><img src=\\\"https://salt.tikicdn.com/ts/tmp/98/62/24/5da7dd23f9cb87fafce19eb63edd5526.jpg\\\" alt=\\\"Smart Tivi LG 65 inch 4K UHD 65UM7400PTA - H\\u00e0ng Ch\\u00ednh H\\u00e3ng\\\" width=\\\"750\\\" height=\\\"500\\\"></p>\\r\\n<p><img src=\\\"https://salt.tikicdn.com/ts/tmp/2e/6d/c2/992d4e29c4ad89b21fab605b9cdb57b3.jpg\\\" alt=\\\"Smart Tivi LG 65 inch 4K UHD 65UM7400PTA - H\\u00e0ng Ch\\u00ednh H\\u00e3ng\\\" width=\\\"750\\\" height=\\\"500\\\"></p>\\r\\n<h5>H\\u00ecnh \\u1ea3nh lu\\u00f4n s\\u1eafc n\\u00e9t k\\u1ec3 c\\u1ea3 v\\u1edbi g\\u00f3c xem r\\u1ed9ng</h5>\\r\\n<p>Cho d\\u00f9 b\\u1ea1n ng\\u1ed3i ch\\u1ed7 n\\u00e0o, g\\u00f3c xem r\\u1ed9ng c\\u1ee7a t\\u1ea5m n\\u1ec1n IPS 4K gi\\u00fap hi\\u1ec3n th\\u1ecb \\u0111\\u1ed9 ch\\u00ednh x\\u00e1c m\\u00e0u g\\u1ea7n nh\\u01b0 100%, th\\u1eadm ch\\u00ed t\\u1eeb g\\u00f3c xem 60 \\u0111\\u1ed9.</p>\\r\\n<p><img src=\\\"https://salt.tikicdn.com/ts/tmp/b5/a8/ed/2fbfb1cb341e1d749fbe5f91d2f049a8.jpg\\\" alt=\\\"Smart Tivi LG 65 inch 4K UHD 65UM7400PTA - H\\u00e0ng Ch\\u00ednh H\\u00e3ng\\\" width=\\\"750\\\" height=\\\"500\\\"></p>\\r\\n<h5>M\\u00e0u s\\u1eafc trung th\\u1ef1c ch\\u00ednh x\\u00e1c</h5>\\r\\n<p>S\\u1ef1 kh\\u00e1c bi\\u1ec7t m\\u00e0u s\\u1eafc nh\\u1ecf nh\\u1ea5t \\u0111\\u01b0\\u1ee3c ph\\u1ea3n \\u00e1nh ch\\u00ednh x\\u00e1c \\u0111\\u1ec3 mang \\u0111\\u1ebfn \\u0111\\u1ed9 s\\u1eafc n\\u00e9t h\\u01a1n, phong ph\\u00fa h\\u01a1n v\\u00e0 trung th\\u1ef1c h\\u01a1n.</p>\\r\\n<p><img src=\\\"https://salt.tikicdn.com/ts/tmp/a1/f1/72/984254ea1bd97e0db77b14bd6ca7215d.jpg\\\" alt=\\\"Smart Tivi LG 65 inch 4K UHD 65UM7400PTA - H\\u00e0ng Ch\\u00ednh H\\u00e3ng\\\" width=\\\"750\\\" height=\\\"500\\\"></p>\\r\\n<h5>4K Cinema HDR truy\\u1ec1n t\\u1ea3i tr\\u1ecdn v\\u1eb9n \\u00fd t\\u01b0\\u1edfng \\u0111\\u1ea1o di\\u1ec5n</h5>\\r\\n<p>4K Cinema HDR c\\u1ee7a LG mang \\u0111\\u1ebfn h\\u00ecnh \\u1ea3nh c\\u1ee7a nh\\u00e0 l\\u00e0m phim b\\u1eb1ng vi\\u1ec7c h\\u1ed7 tr\\u1ee3 h\\u1ea7u h\\u1ebft c\\u00e1c \\u0111\\u1ecbnh d\\u1ea1ng HDR. \\u0110\\u1eafm ch\\u00ecm trong kh\\u00f4ng gian \\u0111i\\u1ec7n \\u1ea3nh v\\u1edbi c\\u00e1c \\u0111\\u1ecbnh d\\u1ea1ng HDR ch\\u00ednh bao g\\u1ed3m Advanced HDR c\\u1ee7a Techncolor v\\u00e0 HDR10 Pro.</p>\\r\\n<p><img src=\\\"https://salt.tikicdn.com/ts/tmp/31/a8/30/b875bac909639f43f432acd168d844cc.jpg\\\" alt=\\\"Smart Tivi LG 65 inch 4K UHD 65UM7400PTA - H\\u00e0ng Ch\\u00ednh H\\u00e3ng\\\" width=\\\"750\\\" height=\\\"500\\\"></p>\\r\\n<h5>Dolby Vision &amp; Atmos Tr\\u1ea3i nghi\\u1ec7m \\u0111i\\u1ec7n \\u1ea3nh t\\u1ea1i gia</h5>\\r\\n<p>Dolby bi\\u1ebfn ng\\u00f4i nh\\u00e0 b\\u1ea1n th\\u00e0nh m\\u1ed9t \\u0111\\u1ecba \\u0111i\\u1ec3m gi\\u1ea3i tr\\u00ed v\\u1edbi h\\u00ecnh \\u1ea3nh v\\u00e0 \\u00e2m thanh HDR d\\u00e0nh cho \\u0111i\\u1ec7n \\u1ea3nh.</p>\\r\\n<p><img src=\\\"https://salt.tikicdn.com/ts/tmp/69/b1/8b/9fbd4bc25fd47ca2231e96e9261c7757.jpg\\\" alt=\\\"Smart Tivi LG 65 inch 4K UHD 65UM7400PTA - H\\u00e0ng Ch\\u00ednh H\\u00e3ng\\\" width=\\\"750\\\" height=\\\"500\\\"></p>\\r\\n<h5>\\u0110\\u1eafm ch\\u00ecm v\\u00e0o \\u00e2m thanh si\\u00eau v\\u00f2m</h5>\\r\\n<p>M\\u1ed9t tr\\u1ea3i nghi\\u1ec7m gi\\u1ea3i tr\\u00ed ng\\u1eadp tr\\u00e0n h\\u01a1n v\\u1edbi \\u00e2m thanh \\u0111\\u1ebfn t\\u1eeb k\\u00eanh \\u00e2m thanh \\u1ea3o.</p>\\r\\n<p><img src=\\\"https://salt.tikicdn.com/ts/tmp/d6/0e/95/d041242eb3df55cd15b4bd3f4af4d149.jpg\\\" alt=\\\"Smart Tivi LG 65 inch 4K UHD 65UM7400PTA - H\\u00e0ng Ch\\u00ednh H\\u00e3ng\\\" width=\\\"750\\\" height=\\\"500\\\"></p><p>Gi\\u00e1 s\\u1ea3n ph\\u1ea9m tr\\u00ean Tiki \\u0111\\u00e3 bao g\\u1ed3m thu\\u1ebf theo lu\\u1eadt hi\\u1ec7n h\\u00e0nh. Tuy nhi\\u00ean tu\\u1ef3 v\\u00e0o t\\u1eebng lo\\u1ea1i s\\u1ea3n ph\\u1ea9m ho\\u1eb7c ph\\u01b0\\u01a1ng th\\u1ee9c, \\u0111\\u1ecba ch\\u1ec9 giao h\\u00e0ng m\\u00e0 c\\u00f3 th\\u1ec3 ph\\u00e1t sinh th\\u00eam chi ph\\u00ed kh\\u00e1c nh\\u01b0 ph\\u00ed v\\u1eadn chuy\\u1ec3n, ph\\u1ee5 ph\\u00ed h\\u00e0ng c\\u1ed3ng k\\u1ec1nh, ...</p></div>\", \"unit_in_order\": 10, \"product_price\": 100000, \"id\": 1, \"reviews\": [{\"comment\": \"test\", \"account\": {\"email\": \"test@gmail.com\", \"password\": \"123\", \"holder_name\": \"123\", \"id\": 1, \"avatar\": \"https://hedieuhanh.com/wp-content/uploads/2019/08/anh-avatar-buc-minh-cuc-hai-huoc.jpg\"}, \"product_id\": 1, \"time_created\": \"2020-12-08T03:43:34Z\", \"rating_level\": 5, \"id\": 1, \"account_id\": 1}], \"discount\": 10, \"unit_in_stock\": 100, \"images\": [{\"src\": \"https://salt.tikicdn.com/cache/w444/ts/product/62/95/10/4c398ea633e656d39abf5881387ef15d.jpg\", \"product_id\": 1, \"created_time\": \"00:00:00\", \"type\": \"test\", \"id\": 1, \"size\": 11}], \"category_id\": 0, \"product_name\": \"Smart Tivi Samsung HD 32 inch UA32N4300A\", \"quantity\": 12}]','12'),(37,1,'[{\"sku\": {\"sku_name\": \"Group Case TTM\", \"sku_avatar\": \"https://salt.tikicdn.com/cache/w220/ts/seller/35/03/f4/faa07c5e9a861171fb2210063007483b.jpg\", \"id\": 1}, \"rating\": 0, \"sku_id\": 1, \"description\": \"<div>Lo\\u1ea1i Tivi:Smart Tivi, 43 inch<br>\\r\\n\\u0110\\u1ed9 ph\\u00e2n gi\\u1ea3i: 4K Ultra HD (3840 x 2160px)<br>\\r\\nT\\u1ea7n s\\u1ed1 qu\\u00e9t: TM100 (Refresh rate 50Hz)<br>\\r\\nH\\u1ec7 \\u0111i\\u1ec1u h\\u00e0nh: webOS Smart TV<br>\\r\\nC\\u00e1c \\u1ee9ng d\\u1ee5ng s\\u1eb5n c\\u00f3: Youtube, Netflix, Tr\\u00ecnh duy\\u1ec7t web, LG Content Store<br>\\r\\nC\\u00e1c \\u1ee9ng d\\u1ee5ng c\\u00f3 th\\u1ec3 t\\u1ea3i th\\u00eam\\t: FPT Play, ClipTV, Fim+, MyTV, Nhaccuatui, THVLi, HTV, Spotify, Zing TV<br>\\r\\nC\\u00f4ng ngh\\u1ec7 x\\u1eed l\\u00fd h\\u00ecnh \\u1ea3nh: HDR10 Pro, 4K Upscaler, 4K Active HDR, True Color Accuracy<br>\\r\\n\\u0110i\\u1ec1u khi\\u1ec3n tivi b\\u1eb1ng \\u0111i\\u1ec7n tho\\u1ea1i: B\\u1eb1ng \\u1ee9ng d\\u1ee5ng LG TV Plus<br><h5>Thi\\u1ebft k\\u1ebf \\u0111\\u01a1n gi\\u1ea3n, thanh l\\u1ecbch</h5>\\r\\n<p><strong>Smart Tivi LG 4K 43 inch 43UM7400PTA</strong>&nbsp;c\\u00f3 thi\\u1ebft k\\u1ebf t\\u1ed1i gi\\u1ea3n v\\u1edbi vi\\u1ec1n m\\u00e0n h\\u00ecnh m\\u1ecfng, tinh t\\u1ebf gi\\u00fap d\\u1ec5 d\\u00e0ng h\\u00f2a h\\u1ee3p v\\u1edbi b\\u1ea5t k\\u00ec kh\\u00f4ng gian n\\u1ed9i th\\u1ea5t n\\u00e0o. K\\u00edch th\\u01b0\\u1edbc m\\u00e0n h\\u00ecnh 43 inch v\\u1eeba ph\\u1ea3i s\\u1ebd l\\u00e0 l\\u1ef1a ch\\u1ecdn th\\u00edch h\\u1ee3p cho c\\u00e1c kh\\u00f4ng gian v\\u1eeba v\\u00e0 nh\\u1ecf nh\\u01b0 ph\\u00f2ng \\u0103n, ph\\u00f2ng ng\\u1ee7, ph\\u00f2ng l\\u00e0m vi\\u1ec7c,\\u2026</p>\\r\\n<p><img src=\\\"https://salt.tikicdn.com/ts/tmp/5f/a3/13/634c1b86dbcf772b480d14fb148d907d.jpg\\\" alt=\\\"Smart Tivi LG 43 inch 4K UHD 43UM7400PTA - H\\u00e0ng Ch\\u00ednh H\\u00e3ng\\\" width=\\\"750\\\" height=\\\"500\\\"></p>\\r\\n<h5>Tr\\u00ed th\\u00f4ng minh m\\u1edbi ph\\u00e1t tri\\u1ec3n b\\u1edfi AI</h5>\\r\\n<p>V\\u1edbi LG ThinQ AI, b\\u1ea1n c\\u00f3 th\\u1ec3 th\\u1ef1c hi\\u1ec7n r\\u1ea5t nhi\\u1ec1u \\u0111i\\u1ec1u ch\\u1ec9 v\\u1edbi gi\\u1ecdng n\\u00f3i c\\u1ee7a m\\u00ecnh. Ti\\u1ebfp t\\u1ee5c h\\u1ed9i tho\\u1ea1i v\\u1edbi kh\\u1ea3 n\\u0103ng nh\\u1eadn d\\u1ea1ng gi\\u1ecdng n\\u00f3i v\\u00e0 c\\u00f3 \\u0111\\u01b0\\u1ee3c c\\u00e1c \\u0111\\u1ec1 xu\\u1ea5t cho n\\u1ed9i dung t\\u00f9y ch\\u1ec9nh d\\u1ef1a tr\\u00ean th\\u00f3i quen xem TV c\\u1ee7a b\\u1ea1n.</p>\\r\\n<h5>\\u0110\\u1ed9 ph\\u00e2n gi\\u1ea3i 4K, M\\u1ed9t ti\\u00eau chu\\u1ea9n cao m\\u1edbi</h5>\\r\\n<p>Tr\\u1ea3i nghi\\u1ec7m h\\u00ecnh \\u1ea3nh 4K ch\\u00e2n th\\u1ef1c h\\u01a1n v\\u1edbi \\u0111\\u1ed9 chi ti\\u1ebft tuy\\u1ec7t \\u0111\\u1eb9p v\\u00e0 m\\u00e0u s\\u1eafc s\\u1ed1ng \\u0111\\u1ed9ng tr\\u00ean m\\u00e0n h\\u00ecnh IPS c\\u00f3 \\u0111\\u1ed9 ph\\u00e2n gi\\u1ea3i cao g\\u1ea5p b\\u1ed1n l\\u1ea7n so v\\u1edbi Full HD.</p>\\r\\n<p><img src=\\\"https://salt.tikicdn.com/ts/tmp/98/62/24/5da7dd23f9cb87fafce19eb63edd5526.jpg\\\" alt=\\\"Smart Tivi LG 65 inch 4K UHD 65UM7400PTA - H\\u00e0ng Ch\\u00ednh H\\u00e3ng\\\" width=\\\"750\\\" height=\\\"500\\\"></p>\\r\\n<p><img src=\\\"https://salt.tikicdn.com/ts/tmp/2e/6d/c2/992d4e29c4ad89b21fab605b9cdb57b3.jpg\\\" alt=\\\"Smart Tivi LG 65 inch 4K UHD 65UM7400PTA - H\\u00e0ng Ch\\u00ednh H\\u00e3ng\\\" width=\\\"750\\\" height=\\\"500\\\"></p>\\r\\n<h5>H\\u00ecnh \\u1ea3nh lu\\u00f4n s\\u1eafc n\\u00e9t k\\u1ec3 c\\u1ea3 v\\u1edbi g\\u00f3c xem r\\u1ed9ng</h5>\\r\\n<p>Cho d\\u00f9 b\\u1ea1n ng\\u1ed3i ch\\u1ed7 n\\u00e0o, g\\u00f3c xem r\\u1ed9ng c\\u1ee7a t\\u1ea5m n\\u1ec1n IPS 4K gi\\u00fap hi\\u1ec3n th\\u1ecb \\u0111\\u1ed9 ch\\u00ednh x\\u00e1c m\\u00e0u g\\u1ea7n nh\\u01b0 100%, th\\u1eadm ch\\u00ed t\\u1eeb g\\u00f3c xem 60 \\u0111\\u1ed9.</p>\\r\\n<p><img src=\\\"https://salt.tikicdn.com/ts/tmp/b5/a8/ed/2fbfb1cb341e1d749fbe5f91d2f049a8.jpg\\\" alt=\\\"Smart Tivi LG 65 inch 4K UHD 65UM7400PTA - H\\u00e0ng Ch\\u00ednh H\\u00e3ng\\\" width=\\\"750\\\" height=\\\"500\\\"></p>\\r\\n<h5>M\\u00e0u s\\u1eafc trung th\\u1ef1c ch\\u00ednh x\\u00e1c</h5>\\r\\n<p>S\\u1ef1 kh\\u00e1c bi\\u1ec7t m\\u00e0u s\\u1eafc nh\\u1ecf nh\\u1ea5t \\u0111\\u01b0\\u1ee3c ph\\u1ea3n \\u00e1nh ch\\u00ednh x\\u00e1c \\u0111\\u1ec3 mang \\u0111\\u1ebfn \\u0111\\u1ed9 s\\u1eafc n\\u00e9t h\\u01a1n, phong ph\\u00fa h\\u01a1n v\\u00e0 trung th\\u1ef1c h\\u01a1n.</p>\\r\\n<p><img src=\\\"https://salt.tikicdn.com/ts/tmp/a1/f1/72/984254ea1bd97e0db77b14bd6ca7215d.jpg\\\" alt=\\\"Smart Tivi LG 65 inch 4K UHD 65UM7400PTA - H\\u00e0ng Ch\\u00ednh H\\u00e3ng\\\" width=\\\"750\\\" height=\\\"500\\\"></p>\\r\\n<h5>4K Cinema HDR truy\\u1ec1n t\\u1ea3i tr\\u1ecdn v\\u1eb9n \\u00fd t\\u01b0\\u1edfng \\u0111\\u1ea1o di\\u1ec5n</h5>\\r\\n<p>4K Cinema HDR c\\u1ee7a LG mang \\u0111\\u1ebfn h\\u00ecnh \\u1ea3nh c\\u1ee7a nh\\u00e0 l\\u00e0m phim b\\u1eb1ng vi\\u1ec7c h\\u1ed7 tr\\u1ee3 h\\u1ea7u h\\u1ebft c\\u00e1c \\u0111\\u1ecbnh d\\u1ea1ng HDR. \\u0110\\u1eafm ch\\u00ecm trong kh\\u00f4ng gian \\u0111i\\u1ec7n \\u1ea3nh v\\u1edbi c\\u00e1c \\u0111\\u1ecbnh d\\u1ea1ng HDR ch\\u00ednh bao g\\u1ed3m Advanced HDR c\\u1ee7a Techncolor v\\u00e0 HDR10 Pro.</p>\\r\\n<p><img src=\\\"https://salt.tikicdn.com/ts/tmp/31/a8/30/b875bac909639f43f432acd168d844cc.jpg\\\" alt=\\\"Smart Tivi LG 65 inch 4K UHD 65UM7400PTA - H\\u00e0ng Ch\\u00ednh H\\u00e3ng\\\" width=\\\"750\\\" height=\\\"500\\\"></p>\\r\\n<h5>Dolby Vision &amp; Atmos Tr\\u1ea3i nghi\\u1ec7m \\u0111i\\u1ec7n \\u1ea3nh t\\u1ea1i gia</h5>\\r\\n<p>Dolby bi\\u1ebfn ng\\u00f4i nh\\u00e0 b\\u1ea1n th\\u00e0nh m\\u1ed9t \\u0111\\u1ecba \\u0111i\\u1ec3m gi\\u1ea3i tr\\u00ed v\\u1edbi h\\u00ecnh \\u1ea3nh v\\u00e0 \\u00e2m thanh HDR d\\u00e0nh cho \\u0111i\\u1ec7n \\u1ea3nh.</p>\\r\\n<p><img src=\\\"https://salt.tikicdn.com/ts/tmp/69/b1/8b/9fbd4bc25fd47ca2231e96e9261c7757.jpg\\\" alt=\\\"Smart Tivi LG 65 inch 4K UHD 65UM7400PTA - H\\u00e0ng Ch\\u00ednh H\\u00e3ng\\\" width=\\\"750\\\" height=\\\"500\\\"></p>\\r\\n<h5>\\u0110\\u1eafm ch\\u00ecm v\\u00e0o \\u00e2m thanh si\\u00eau v\\u00f2m</h5>\\r\\n<p>M\\u1ed9t tr\\u1ea3i nghi\\u1ec7m gi\\u1ea3i tr\\u00ed ng\\u1eadp tr\\u00e0n h\\u01a1n v\\u1edbi \\u00e2m thanh \\u0111\\u1ebfn t\\u1eeb k\\u00eanh \\u00e2m thanh \\u1ea3o.</p>\\r\\n<p><img src=\\\"https://salt.tikicdn.com/ts/tmp/d6/0e/95/d041242eb3df55cd15b4bd3f4af4d149.jpg\\\" alt=\\\"Smart Tivi LG 65 inch 4K UHD 65UM7400PTA - H\\u00e0ng Ch\\u00ednh H\\u00e3ng\\\" width=\\\"750\\\" height=\\\"500\\\"></p><p>Gi\\u00e1 s\\u1ea3n ph\\u1ea9m tr\\u00ean Tiki \\u0111\\u00e3 bao g\\u1ed3m thu\\u1ebf theo lu\\u1eadt hi\\u1ec7n h\\u00e0nh. Tuy nhi\\u00ean tu\\u1ef3 v\\u00e0o t\\u1eebng lo\\u1ea1i s\\u1ea3n ph\\u1ea9m ho\\u1eb7c ph\\u01b0\\u01a1ng th\\u1ee9c, \\u0111\\u1ecba ch\\u1ec9 giao h\\u00e0ng m\\u00e0 c\\u00f3 th\\u1ec3 ph\\u00e1t sinh th\\u00eam chi ph\\u00ed kh\\u00e1c nh\\u01b0 ph\\u00ed v\\u1eadn chuy\\u1ec3n, ph\\u1ee5 ph\\u00ed h\\u00e0ng c\\u1ed3ng k\\u1ec1nh, ...</p></div>\", \"unit_in_order\": 10, \"product_price\": 100000, \"id\": 1, \"reviews\": [{\"comment\": \"test\", \"account\": {\"email\": \"test@gmail.com\", \"password\": \"123\", \"holder_name\": \"123\", \"id\": 1, \"avatar\": \"https://hedieuhanh.com/wp-content/uploads/2019/08/anh-avatar-buc-minh-cuc-hai-huoc.jpg\"}, \"product_id\": 1, \"time_created\": \"2020-12-08T03:43:34Z\", \"rating_level\": 5, \"id\": 1, \"account_id\": 1}], \"discount\": 10, \"unit_in_stock\": 100, \"images\": [{\"src\": \"https://salt.tikicdn.com/cache/w444/ts/product/62/95/10/4c398ea633e656d39abf5881387ef15d.jpg\", \"product_id\": 1, \"created_time\": \"00:00:00\", \"type\": \"test\", \"id\": 1, \"size\": 11}], \"category_id\": 0, \"product_name\": \"Smart Tivi Samsung HD 32 inch UA32N4300A\", \"quantity\": 12}]','123'),(38,1,'[{\"sku\": {\"sku_name\": \"Group Case TTM\", \"sku_avatar\": \"https://salt.tikicdn.com/cache/w220/ts/seller/35/03/f4/faa07c5e9a861171fb2210063007483b.jpg\", \"id\": 1}, \"rating\": 0, \"sku_id\": 1, \"description\": \"<div>Lo\\u1ea1i Tivi:Smart Tivi, 43 inch<br>\\r\\n\\u0110\\u1ed9 ph\\u00e2n gi\\u1ea3i: 4K Ultra HD (3840 x 2160px)<br>\\r\\nT\\u1ea7n s\\u1ed1 qu\\u00e9t: TM100 (Refresh rate 50Hz)<br>\\r\\nH\\u1ec7 \\u0111i\\u1ec1u h\\u00e0nh: webOS Smart TV<br>\\r\\nC\\u00e1c \\u1ee9ng d\\u1ee5ng s\\u1eb5n c\\u00f3: Youtube, Netflix, Tr\\u00ecnh duy\\u1ec7t web, LG Content Store<br>\\r\\nC\\u00e1c \\u1ee9ng d\\u1ee5ng c\\u00f3 th\\u1ec3 t\\u1ea3i th\\u00eam\\t: FPT Play, ClipTV, Fim+, MyTV, Nhaccuatui, THVLi, HTV, Spotify, Zing TV<br>\\r\\nC\\u00f4ng ngh\\u1ec7 x\\u1eed l\\u00fd h\\u00ecnh \\u1ea3nh: HDR10 Pro, 4K Upscaler, 4K Active HDR, True Color Accuracy<br>\\r\\n\\u0110i\\u1ec1u khi\\u1ec3n tivi b\\u1eb1ng \\u0111i\\u1ec7n tho\\u1ea1i: B\\u1eb1ng \\u1ee9ng d\\u1ee5ng LG TV Plus<br><h5>Thi\\u1ebft k\\u1ebf \\u0111\\u01a1n gi\\u1ea3n, thanh l\\u1ecbch</h5>\\r\\n<p><strong>Smart Tivi LG 4K 43 inch 43UM7400PTA</strong>&nbsp;c\\u00f3 thi\\u1ebft k\\u1ebf t\\u1ed1i gi\\u1ea3n v\\u1edbi vi\\u1ec1n m\\u00e0n h\\u00ecnh m\\u1ecfng, tinh t\\u1ebf gi\\u00fap d\\u1ec5 d\\u00e0ng h\\u00f2a h\\u1ee3p v\\u1edbi b\\u1ea5t k\\u00ec kh\\u00f4ng gian n\\u1ed9i th\\u1ea5t n\\u00e0o. K\\u00edch th\\u01b0\\u1edbc m\\u00e0n h\\u00ecnh 43 inch v\\u1eeba ph\\u1ea3i s\\u1ebd l\\u00e0 l\\u1ef1a ch\\u1ecdn th\\u00edch h\\u1ee3p cho c\\u00e1c kh\\u00f4ng gian v\\u1eeba v\\u00e0 nh\\u1ecf nh\\u01b0 ph\\u00f2ng \\u0103n, ph\\u00f2ng ng\\u1ee7, ph\\u00f2ng l\\u00e0m vi\\u1ec7c,\\u2026</p>\\r\\n<p><img src=\\\"https://salt.tikicdn.com/ts/tmp/5f/a3/13/634c1b86dbcf772b480d14fb148d907d.jpg\\\" alt=\\\"Smart Tivi LG 43 inch 4K UHD 43UM7400PTA - H\\u00e0ng Ch\\u00ednh H\\u00e3ng\\\" width=\\\"750\\\" height=\\\"500\\\"></p>\\r\\n<h5>Tr\\u00ed th\\u00f4ng minh m\\u1edbi ph\\u00e1t tri\\u1ec3n b\\u1edfi AI</h5>\\r\\n<p>V\\u1edbi LG ThinQ AI, b\\u1ea1n c\\u00f3 th\\u1ec3 th\\u1ef1c hi\\u1ec7n r\\u1ea5t nhi\\u1ec1u \\u0111i\\u1ec1u ch\\u1ec9 v\\u1edbi gi\\u1ecdng n\\u00f3i c\\u1ee7a m\\u00ecnh. Ti\\u1ebfp t\\u1ee5c h\\u1ed9i tho\\u1ea1i v\\u1edbi kh\\u1ea3 n\\u0103ng nh\\u1eadn d\\u1ea1ng gi\\u1ecdng n\\u00f3i v\\u00e0 c\\u00f3 \\u0111\\u01b0\\u1ee3c c\\u00e1c \\u0111\\u1ec1 xu\\u1ea5t cho n\\u1ed9i dung t\\u00f9y ch\\u1ec9nh d\\u1ef1a tr\\u00ean th\\u00f3i quen xem TV c\\u1ee7a b\\u1ea1n.</p>\\r\\n<h5>\\u0110\\u1ed9 ph\\u00e2n gi\\u1ea3i 4K, M\\u1ed9t ti\\u00eau chu\\u1ea9n cao m\\u1edbi</h5>\\r\\n<p>Tr\\u1ea3i nghi\\u1ec7m h\\u00ecnh \\u1ea3nh 4K ch\\u00e2n th\\u1ef1c h\\u01a1n v\\u1edbi \\u0111\\u1ed9 chi ti\\u1ebft tuy\\u1ec7t \\u0111\\u1eb9p v\\u00e0 m\\u00e0u s\\u1eafc s\\u1ed1ng \\u0111\\u1ed9ng tr\\u00ean m\\u00e0n h\\u00ecnh IPS c\\u00f3 \\u0111\\u1ed9 ph\\u00e2n gi\\u1ea3i cao g\\u1ea5p b\\u1ed1n l\\u1ea7n so v\\u1edbi Full HD.</p>\\r\\n<p><img src=\\\"https://salt.tikicdn.com/ts/tmp/98/62/24/5da7dd23f9cb87fafce19eb63edd5526.jpg\\\" alt=\\\"Smart Tivi LG 65 inch 4K UHD 65UM7400PTA - H\\u00e0ng Ch\\u00ednh H\\u00e3ng\\\" width=\\\"750\\\" height=\\\"500\\\"></p>\\r\\n<p><img src=\\\"https://salt.tikicdn.com/ts/tmp/2e/6d/c2/992d4e29c4ad89b21fab605b9cdb57b3.jpg\\\" alt=\\\"Smart Tivi LG 65 inch 4K UHD 65UM7400PTA - H\\u00e0ng Ch\\u00ednh H\\u00e3ng\\\" width=\\\"750\\\" height=\\\"500\\\"></p>\\r\\n<h5>H\\u00ecnh \\u1ea3nh lu\\u00f4n s\\u1eafc n\\u00e9t k\\u1ec3 c\\u1ea3 v\\u1edbi g\\u00f3c xem r\\u1ed9ng</h5>\\r\\n<p>Cho d\\u00f9 b\\u1ea1n ng\\u1ed3i ch\\u1ed7 n\\u00e0o, g\\u00f3c xem r\\u1ed9ng c\\u1ee7a t\\u1ea5m n\\u1ec1n IPS 4K gi\\u00fap hi\\u1ec3n th\\u1ecb \\u0111\\u1ed9 ch\\u00ednh x\\u00e1c m\\u00e0u g\\u1ea7n nh\\u01b0 100%, th\\u1eadm ch\\u00ed t\\u1eeb g\\u00f3c xem 60 \\u0111\\u1ed9.</p>\\r\\n<p><img src=\\\"https://salt.tikicdn.com/ts/tmp/b5/a8/ed/2fbfb1cb341e1d749fbe5f91d2f049a8.jpg\\\" alt=\\\"Smart Tivi LG 65 inch 4K UHD 65UM7400PTA - H\\u00e0ng Ch\\u00ednh H\\u00e3ng\\\" width=\\\"750\\\" height=\\\"500\\\"></p>\\r\\n<h5>M\\u00e0u s\\u1eafc trung th\\u1ef1c ch\\u00ednh x\\u00e1c</h5>\\r\\n<p>S\\u1ef1 kh\\u00e1c bi\\u1ec7t m\\u00e0u s\\u1eafc nh\\u1ecf nh\\u1ea5t \\u0111\\u01b0\\u1ee3c ph\\u1ea3n \\u00e1nh ch\\u00ednh x\\u00e1c \\u0111\\u1ec3 mang \\u0111\\u1ebfn \\u0111\\u1ed9 s\\u1eafc n\\u00e9t h\\u01a1n, phong ph\\u00fa h\\u01a1n v\\u00e0 trung th\\u1ef1c h\\u01a1n.</p>\\r\\n<p><img src=\\\"https://salt.tikicdn.com/ts/tmp/a1/f1/72/984254ea1bd97e0db77b14bd6ca7215d.jpg\\\" alt=\\\"Smart Tivi LG 65 inch 4K UHD 65UM7400PTA - H\\u00e0ng Ch\\u00ednh H\\u00e3ng\\\" width=\\\"750\\\" height=\\\"500\\\"></p>\\r\\n<h5>4K Cinema HDR truy\\u1ec1n t\\u1ea3i tr\\u1ecdn v\\u1eb9n \\u00fd t\\u01b0\\u1edfng \\u0111\\u1ea1o di\\u1ec5n</h5>\\r\\n<p>4K Cinema HDR c\\u1ee7a LG mang \\u0111\\u1ebfn h\\u00ecnh \\u1ea3nh c\\u1ee7a nh\\u00e0 l\\u00e0m phim b\\u1eb1ng vi\\u1ec7c h\\u1ed7 tr\\u1ee3 h\\u1ea7u h\\u1ebft c\\u00e1c \\u0111\\u1ecbnh d\\u1ea1ng HDR. \\u0110\\u1eafm ch\\u00ecm trong kh\\u00f4ng gian \\u0111i\\u1ec7n \\u1ea3nh v\\u1edbi c\\u00e1c \\u0111\\u1ecbnh d\\u1ea1ng HDR ch\\u00ednh bao g\\u1ed3m Advanced HDR c\\u1ee7a Techncolor v\\u00e0 HDR10 Pro.</p>\\r\\n<p><img src=\\\"https://salt.tikicdn.com/ts/tmp/31/a8/30/b875bac909639f43f432acd168d844cc.jpg\\\" alt=\\\"Smart Tivi LG 65 inch 4K UHD 65UM7400PTA - H\\u00e0ng Ch\\u00ednh H\\u00e3ng\\\" width=\\\"750\\\" height=\\\"500\\\"></p>\\r\\n<h5>Dolby Vision &amp; Atmos Tr\\u1ea3i nghi\\u1ec7m \\u0111i\\u1ec7n \\u1ea3nh t\\u1ea1i gia</h5>\\r\\n<p>Dolby bi\\u1ebfn ng\\u00f4i nh\\u00e0 b\\u1ea1n th\\u00e0nh m\\u1ed9t \\u0111\\u1ecba \\u0111i\\u1ec3m gi\\u1ea3i tr\\u00ed v\\u1edbi h\\u00ecnh \\u1ea3nh v\\u00e0 \\u00e2m thanh HDR d\\u00e0nh cho \\u0111i\\u1ec7n \\u1ea3nh.</p>\\r\\n<p><img src=\\\"https://salt.tikicdn.com/ts/tmp/69/b1/8b/9fbd4bc25fd47ca2231e96e9261c7757.jpg\\\" alt=\\\"Smart Tivi LG 65 inch 4K UHD 65UM7400PTA - H\\u00e0ng Ch\\u00ednh H\\u00e3ng\\\" width=\\\"750\\\" height=\\\"500\\\"></p>\\r\\n<h5>\\u0110\\u1eafm ch\\u00ecm v\\u00e0o \\u00e2m thanh si\\u00eau v\\u00f2m</h5>\\r\\n<p>M\\u1ed9t tr\\u1ea3i nghi\\u1ec7m gi\\u1ea3i tr\\u00ed ng\\u1eadp tr\\u00e0n h\\u01a1n v\\u1edbi \\u00e2m thanh \\u0111\\u1ebfn t\\u1eeb k\\u00eanh \\u00e2m thanh \\u1ea3o.</p>\\r\\n<p><img src=\\\"https://salt.tikicdn.com/ts/tmp/d6/0e/95/d041242eb3df55cd15b4bd3f4af4d149.jpg\\\" alt=\\\"Smart Tivi LG 65 inch 4K UHD 65UM7400PTA - H\\u00e0ng Ch\\u00ednh H\\u00e3ng\\\" width=\\\"750\\\" height=\\\"500\\\"></p><p>Gi\\u00e1 s\\u1ea3n ph\\u1ea9m tr\\u00ean Tiki \\u0111\\u00e3 bao g\\u1ed3m thu\\u1ebf theo lu\\u1eadt hi\\u1ec7n h\\u00e0nh. Tuy nhi\\u00ean tu\\u1ef3 v\\u00e0o t\\u1eebng lo\\u1ea1i s\\u1ea3n ph\\u1ea9m ho\\u1eb7c ph\\u01b0\\u01a1ng th\\u1ee9c, \\u0111\\u1ecba ch\\u1ec9 giao h\\u00e0ng m\\u00e0 c\\u00f3 th\\u1ec3 ph\\u00e1t sinh th\\u00eam chi ph\\u00ed kh\\u00e1c nh\\u01b0 ph\\u00ed v\\u1eadn chuy\\u1ec3n, ph\\u1ee5 ph\\u00ed h\\u00e0ng c\\u1ed3ng k\\u1ec1nh, ...</p></div>\", \"unit_in_order\": 10, \"product_price\": 100000, \"id\": 1, \"reviews\": [{\"comment\": \"123\", \"account\": {\"email\": \"test@gmail.com\", \"password\": \"123\", \"holder_name\": \"123\", \"id\": 1, \"avatar\": \"https://hedieuhanh.com/wp-content/uploads/2019/08/anh-avatar-buc-minh-cuc-hai-huoc.jpg\"}, \"product_id\": 1, \"time_created\": \"2020-12-09T10:27:31.120507Z\", \"img_review\": [], \"rating_level\": 1, \"id\": 130, \"account_id\": 1}, {\"comment\": \"123\", \"account\": {\"email\": \"test@gmail.com\", \"password\": \"123\", \"holder_name\": \"123\", \"id\": 1, \"avatar\": \"https://hedieuhanh.com/wp-content/uploads/2019/08/anh-avatar-buc-minh-cuc-hai-huoc.jpg\"}, \"product_id\": 1, \"time_created\": \"2020-12-09T10:28:09.480131Z\", \"img_review\": [], \"rating_level\": 1, \"id\": 131, \"account_id\": 1}, {\"comment\": \"123\", \"account\": {\"email\": \"test@gmail.com\", \"password\": \"123\", \"holder_name\": \"123\", \"id\": 1, \"avatar\": \"https://hedieuhanh.com/wp-content/uploads/2019/08/anh-avatar-buc-minh-cuc-hai-huoc.jpg\"}, \"product_id\": 1, \"time_created\": \"2020-12-09T10:28:19.652032Z\", \"img_review\": [], \"rating_level\": 1, \"id\": 132, \"account_id\": 1}, {\"comment\": \"123\", \"account\": {\"email\": \"test@gmail.com\", \"password\": \"123\", \"holder_name\": \"123\", \"id\": 1, \"avatar\": \"https://hedieuhanh.com/wp-content/uploads/2019/08/anh-avatar-buc-minh-cuc-hai-huoc.jpg\"}, \"product_id\": 1, \"time_created\": \"2020-12-09T10:28:51.701025Z\", \"img_review\": [], \"rating_level\": 1, \"id\": 133, \"account_id\": 1}, {\"comment\": \"test thui \", \"account\": {\"email\": \"test@gmail.com\", \"password\": \"123\", \"holder_name\": \"123\", \"id\": 1, \"avatar\": \"https://hedieuhanh.com/wp-content/uploads/2019/08/anh-avatar-buc-minh-cuc-hai-huoc.jpg\"}, \"product_id\": 1, \"time_created\": \"2020-12-10T01:39:40.511562Z\", \"img_review\": [{\"img_src\": \"static/images/e99522f499ec44fbb11d7d303f791a6f.png\", \"type\": \".png\", \"id\": 17, \"review_id\": 134, \"size\": 1}], \"rating_level\": 5, \"id\": 134, \"account_id\": 1}, {\"comment\": \"test\", \"account\": {\"email\": \"test@gmail.com\", \"password\": \"123\", \"holder_name\": \"123\", \"id\": 1, \"avatar\": \"https://hedieuhanh.com/wp-content/uploads/2019/08/anh-avatar-buc-minh-cuc-hai-huoc.jpg\"}, \"product_id\": 1, \"time_created\": \"2020-12-10T01:48:30.056498Z\", \"img_review\": [{\"img_src\": \"static/images/bf6b8409a7f348ef9919bbafd890e088.jpg\", \"type\": \".jpg\", \"id\": 18, \"review_id\": 135, \"size\": 1}], \"rating_level\": 5, \"id\": 135, \"account_id\": 1}], \"discount\": 10, \"unit_in_stock\": 100, \"images\": [{\"src\": \"https://salt.tikicdn.com/cache/w444/ts/product/62/95/10/4c398ea633e656d39abf5881387ef15d.jpg\", \"product_id\": 1, \"created_time\": \"00:00:00\", \"type\": \"jpg\", \"id\": 1, \"size\": 1}], \"category_id\": 0, \"product_name\": \"Smart Tivi Samsung HD 32 inch UA32N4300A\", \"quantity\": 12}]','tes asd a asda');
/*!40000 ALTER TABLE `order_order` ENABLE KEYS */;
UNLOCK TABLES;

--
-- Table structure for table `product_productimage`
--

DROP TABLE IF EXISTS `product_productimage`;
/*!40101 SET @saved_cs_client     = @@character_set_client */;
/*!40101 SET character_set_client = utf8 */;
CREATE TABLE `product_productimage` (
  `id` int(11) NOT NULL AUTO_INCREMENT,
  `src` varchar(255) NOT NULL,
  `size` double NOT NULL,
  `type` varchar(255) NOT NULL,
  `created_time` time(6) NOT NULL,
  `product_id` int(11) NOT NULL,
  PRIMARY KEY (`id`)
) ENGINE=InnoDB AUTO_INCREMENT=3 DEFAULT CHARSET=latin1;
/*!40101 SET character_set_client = @saved_cs_client */;

--
-- Dumping data for table `product_productimage`
--

LOCK TABLES `product_productimage` WRITE;
/*!40000 ALTER TABLE `product_productimage` DISABLE KEYS */;
INSERT INTO `product_productimage` VALUES (1,'https://salt.tikicdn.com/cache/w444/ts/product/62/95/10/4c398ea633e656d39abf5881387ef15d.jpg',1,'jpg','00:00:00.000000',1),(2,'https://salt.tikicdn.com/cache/w444/ts/product/b8/7b/73/56e242a87366e2f2ea1316a28b94b06a.jpg',2,'jpg','00:00:00.000000',2);
/*!40000 ALTER TABLE `product_productimage` ENABLE KEYS */;
UNLOCK TABLES;

--
-- Table structure for table `product_productmodel`
--

DROP TABLE IF EXISTS `product_productmodel`;
/*!40101 SET @saved_cs_client     = @@character_set_client */;
/*!40101 SET character_set_client = utf8 */;
CREATE TABLE `product_productmodel` (
  `id` int(11) NOT NULL AUTO_INCREMENT,
  `product_name` longtext COLLATE utf8_unicode_ci NOT NULL,
  `product_price` double NOT NULL,
  `unit_in_stock` int(11) NOT NULL,
  `discount` int(11) NOT NULL,
  `category_id` int(11) NOT NULL,
  `rating` int(11) NOT NULL,
  `unit_in_order` int(11) NOT NULL,
  `description` longtext COLLATE utf8_unicode_ci NOT NULL,
  `sku_id` int(11),
  PRIMARY KEY (`id`),
  FULLTEXT KEY `product_name` (`product_name`,`description`),
  FULLTEXT KEY `product_name_2` (`product_name`,`description`),
  FULLTEXT KEY `product_name_3` (`product_name`,`description`),
  FULLTEXT KEY `product_name_4` (`product_name`),
  FULLTEXT KEY `product_name_5` (`product_name`)
) ENGINE=InnoDB AUTO_INCREMENT=3 DEFAULT CHARSET=utf8 COLLATE=utf8_unicode_ci;
/*!40101 SET character_set_client = @saved_cs_client */;

--
-- Dumping data for table `product_productmodel`
--

LOCK TABLES `product_productmodel` WRITE;
/*!40000 ALTER TABLE `product_productmodel` DISABLE KEYS */;
INSERT INTO `product_productmodel` VALUES (1,'Smart Tivi Samsung HD 32 inch UA32N4300A',100000,100,10,0,0,10,'<div>Loi Tivi:Smart Tivi, 43 inch<br>\r\n phn gii: 4K Ultra HD (3840 x 2160px)<br>\r\nTn s qut: TM100 (Refresh rate 50Hz)<br>\r\nH iu hnh: webOS Smart TV<br>\r\nCc ng dng sn c: Youtube, Netflix, Trnh duyt web, LG Content Store<br>\r\nCc ng dng c th ti thm	: FPT Play, ClipTV, Fim+, MyTV, Nhaccuatui, THVLi, HTV, Spotify, Zing TV<br>\r\nCng ngh x l hnh nh: HDR10 Pro, 4K Upscaler, 4K Active HDR, True Color Accuracy<br>\r\niu khin tivi bng in thoi: Bng ng dng LG TV Plus<br><h5>Thit k n gin, thanh lch</h5>\r\n<p><strong>Smart Tivi LG 4K 43 inch 43UM7400PTA</strong>&nbsp;c thit k ti gin vi vin mn hnh mng, tinh t gip d dng ha hp vi bt k khng gian ni tht no. Kch thc mn hnh 43 inch va phi s l la chn thch hp cho cc khng gian va v nh nh phng n, phng ng, phng lm vic,</p>\r\n<p><img src=\"https://salt.tikicdn.com/ts/tmp/5f/a3/13/634c1b86dbcf772b480d14fb148d907d.jpg\" alt=\"Smart Tivi LG 43 inch 4K UHD 43UM7400PTA - Hng Chnh Hng\" width=\"750\" height=\"500\"></p>\r\n<h5>Tr thng minh mi pht trin bi AI</h5>\r\n<p>Vi LG ThinQ AI, bn c th thc hin rt nhiu iu ch vi ging ni ca mnh. Tip tc hi thoi vi kh nng nhn dng ging ni v c c cc  xut cho ni dung ty chnh da trn thi quen xem TV ca bn.</p>\r\n<h5> phn gii 4K, Mt tiu chun cao mi</h5>\r\n<p>Tri nghim hnh nh 4K chn thc hn vi  chi tit tuyt p v mu sc sng ng trn mn hnh IPS c  phn gii cao gp bn ln so vi Full HD.</p>\r\n<p><img src=\"https://salt.tikicdn.com/ts/tmp/98/62/24/5da7dd23f9cb87fafce19eb63edd5526.jpg\" alt=\"Smart Tivi LG 65 inch 4K UHD 65UM7400PTA - Hng Chnh Hng\" width=\"750\" height=\"500\"></p>\r\n<p><img src=\"https://salt.tikicdn.com/ts/tmp/2e/6d/c2/992d4e29c4ad89b21fab605b9cdb57b3.jpg\" alt=\"Smart Tivi LG 65 inch 4K UHD 65UM7400PTA - Hng Chnh Hng\" width=\"750\" height=\"500\"></p>\r\n<h5>Hnh nh lun sc nt k c vi gc xem rng</h5>\r\n<p>Cho d bn ngi ch no, gc xem rng ca tm nn IPS 4K gip hin th  chnh xc mu gn nh 100%, thm ch t gc xem 60 .</p>\r\n<p><img src=\"https://salt.tikicdn.com/ts/tmp/b5/a8/ed/2fbfb1cb341e1d749fbe5f91d2f049a8.jpg\" alt=\"Smart Tivi LG 65 inch 4K UHD 65UM7400PTA - Hng Chnh Hng\" width=\"750\" height=\"500\"></p>\r\n<h5>Mu sc trung thc chnh xc</h5>\r\n<p>S khc bit mu sc nh nht c phn nh chnh xc  mang n  sc nt hn, phong ph hn v trung thc hn.</p>\r\n<p><img src=\"https://salt.tikicdn.com/ts/tmp/a1/f1/72/984254ea1bd97e0db77b14bd6ca7215d.jpg\" alt=\"Smart Tivi LG 65 inch 4K UHD 65UM7400PTA - Hng Chnh Hng\" width=\"750\" height=\"500\"></p>\r\n<h5>4K Cinema HDR truyn ti trn vn  tng o din</h5>\r\n<p>4K Cinema HDR ca LG mang n hnh nh ca nh lm phim bng vic h tr hu ht cc nh dng HDR. m chm trong khng gian in nh vi cc nh dng HDR chnh bao gm Advanced HDR ca Techncolor v HDR10 Pro.</p>\r\n<p><img src=\"https://salt.tikicdn.com/ts/tmp/31/a8/30/b875bac909639f43f432acd168d844cc.jpg\" alt=\"Smart Tivi LG 65 inch 4K UHD 65UM7400PTA - Hng Chnh Hng\" width=\"750\" height=\"500\"></p>\r\n<h5>Dolby Vision &amp; Atmos Tri nghim in nh ti gia</h5>\r\n<p>Dolby bin ngi nh bn thnh mt a im gii tr vi hnh nh v m thanh HDR dnh cho in nh.</p>\r\n<p><img src=\"https://salt.tikicdn.com/ts/tmp/69/b1/8b/9fbd4bc25fd47ca2231e96e9261c7757.jpg\" alt=\"Smart Tivi LG 65 inch 4K UHD 65UM7400PTA - Hng Chnh Hng\" width=\"750\" height=\"500\"></p>\r\n<h5>m chm vo m thanh siu vm</h5>\r\n<p>Mt tri nghim gii tr ngp trn hn vi m thanh n t knh m thanh o.</p>\r\n<p><img src=\"https://salt.tikicdn.com/ts/tmp/d6/0e/95/d041242eb3df55cd15b4bd3f4af4d149.jpg\" alt=\"Smart Tivi LG 65 inch 4K UHD 65UM7400PTA - Hng Chnh Hng\" width=\"750\" height=\"500\"></p><p>Gi sn phm trn Tiki  bao gm thu theo lut hin hnh. Tuy nhin tu vo tng loi sn phm hoc phng thc, a ch giao hng m c th pht sinh thm chi ph khc nh ph vn chuyn, ph ph hng cng knh, ...</p></div>',1),(2,'Tivi',100000,100,10,0,0,10,'<div class=\"content\"><div class=\"ToggleContent__Wrapper-sc-1hm81e2-1 iGyNLs\"><div class=\"ToggleContent__View-sc-1hm81e2-0 eIzUuC\"><div>Loi Tivi:	Smart Tivi, 70 inch <br>\r\n phn gii: Ultra HD 4K<br>\r\nTn s qut: 100 Hz<br>\r\nH iu hnh: Tizen OS<br>\r\nCng ngh m thanh Dolby Digital Plus tin tin<br>\r\nMu sc rc r, n tng vi cng ngh Purcolor<br>\r\nTi u ha  nt, mu sc, vi cng ngh UHD Dimming<h5>Kiu dng hin i, thit k tinh t</h5>\r\n<p><strong>Smart Tivi Samsung 4K 70 inch UA70RU7200</strong>&nbsp;c mu en tuyn sang trng, vin mn hnh siu mng, cc gc cnh vung vc, hon thin trong tng chi tit nh gip tng thm nt sang trng, phong cch cho mi thit k ni tht.</p>\r\n<p>Vi kch c mn hnh ln,&nbsp;tivi Samsung 70 inch&nbsp;d dng&nbsp;b tr trong nhiu khng gian khc nhau t phng hi ngh, phng khch cho ti phng ng, phng bp</p>\r\n<p><img class=\"lazy\" title=\"Smart Tivi Samsung 4K 70 inch UA70RU7200 - Kiu dng hin i, thit k tinh t\" src=\"https://salt.tikicdn.com/cache/w750/ts/product/bd/b4/e3/58a2a9dc441360da81cdcb585f8b68fc.jpg\" alt=\"Smart Tivi Samsung 4K 70 inch UA70RU7200 - Kiu dng hin i, thit k tinh t\" data-src=\"https://salt.tikicdn.com/cache/w750/ts/product/bd/b4/e3/58a2a9dc441360da81cdcb585f8b68fc.jpg\"></p>\r\n<h5> phn gii&nbsp;Ultra HD 4K&nbsp;cho hnh nh t&nbsp; nt cao gp 4 ln  phn gii Full HD</h5>\r\n<p><img class=\"lazy\" title=\"Smart Tivi Samsung 4K 70 inch UA70RU7200 -  phn gii Ultra HD 4K\" src=\"https://salt.tikicdn.com/cache/w750/ts/product/59/94/03/5ad41b11d3b45433c3a2de34f6ae98c0.jpg\" alt=\"Smart Tivi Samsung 4K 70 inch UA70RU7200 -  phn gii Ultra HD 4K\" width=\"750\" height=\"416\" data-src=\"https://salt.tikicdn.com/cache/w750/ts/product/59/94/03/5ad41b11d3b45433c3a2de34f6ae98c0.jpg\"></p>\r\n<h5>Tng cng  tng phn, em n nhng khung hnh sng ng, trung thc nh&nbsp;cng ngh&nbsp;HDR10+</h5>\r\n<p><img class=\"lazy\" title=\"Smart Tivi Samsung 4K 70 inch UA70RU7200 - Cng ngh HDR10+\" src=\"https://salt.tikicdn.com/cache/w750/ts/product/03/9d/de/687175c893c8b84a1d68c7e1f5e1ed12.jpg\" alt=\"Smart Tivi Samsung 4K 70 inch UA70RU7200 - Cng ngh HDR10+\" width=\"750\" height=\"416\" data-src=\"https://salt.tikicdn.com/cache/w750/ts/product/03/9d/de/687175c893c8b84a1d68c7e1f5e1ed12.jpg\"></p>\r\n<h5>Mu sc rc r, n tng vi cng ngh&nbsp;Purcolor</h5>\r\n<p>Cng ngh&nbsp;hnh nh hin i ny &nbsp;smart tivi Samsung&nbsp;gip&nbsp;tng cng thm nhiu di mu sc,&nbsp;ti to sc mu trong tng khung hnh thm trung thc, sc s, cho ngi dng s tri nghim hnh nh hon m nht.</p>\r\n<p><img class=\"lazy\" title=\"Smart Tivi Samsung 4K 70 inch UA70RU7200 - Cng ngh Purcolor\" src=\"https://salt.tikicdn.com/cache/w750/ts/product/d3/a0/b0/dbc7161d9507b87452104fae736c050a.jpg\" alt=\"Smart Tivi Samsung 4K 70 inch UA70RU7200 - Cng ngh Purcolor\" data-src=\"https://salt.tikicdn.com/cache/w750/ts/product/d3/a0/b0/dbc7161d9507b87452104fae736c050a.jpg\"></p>\r\n<h5>Ti u ha  nt, mu sc,  nt, tng cng  tng phn vi&nbsp;cng ngh&nbsp;UHD Dimming</h5>\r\n<p><img class=\"lazy\" title=\"Smart Tivi Samsung 4K 70 inch UA70RU7200 - Cng ngh UHD Dimming\" src=\"https://salt.tikicdn.com/cache/w750/ts/product/15/17/71/fec190af5aa775f19c7d613678a5bbd8.jpg\" alt=\"Smart Tivi Samsung 4K 70 inch UA70RU7200 - Cng ngh UHD Dimming\" data-src=\"https://salt.tikicdn.com/cache/w750/ts/product/15/17/71/fec190af5aa775f19c7d613678a5bbd8.jpg\"></p>\r\n<h5>Mang n m thanh a chiu, c sc lan ta mnh m nh cng ngh&nbsp;Dolby Digital Plus</h5>\r\n<p>Cng ngh ny &nbsp;tivi Samsung 4K&nbsp;cho m thanh a chiu, bao trm khng gian, lan ta mnh m, v cng sng ng, cho ngi dng cm gic nh ang  trong rp ht, rp chiu phim thc t vy.</p>\r\n<p><img class=\"lazy\" title=\"Smart Tivi Samsung 4K 70 inch UA70RU7200 - Cng ngh Dolby Digital Plus\" src=\"https://salt.tikicdn.com/cache/w750/ts/product/9b/37/3c/7d09dd13347c6eeffedde1eac28b926a.jpg\" alt=\"Smart Tivi Samsung 4K 70 inch UA70RU7200 - Cng ngh Dolby Digital Plus\" data-src=\"https://salt.tikicdn.com/cache/w750/ts/product/9b/37/3c/7d09dd13347c6eeffedde1eac28b926a.jpg\"></p>\r\n<h5>H iu hnh Tizen OS&nbsp;hin i cng&nbsp;kho ng dng phong ph, hp dn</h5>\r\n<p>Tivi Samsung&nbsp;s hu giao din mn hnh chnh n gin, thn thin ngi dng. Kho ng dng gii tr phong ph vi&nbsp;YouTube, Netflix,&nbsp;trnh duyt web,&nbsp;Nhaccuatui, Spotify, Apple TV, MyTV, ZingTV, FPT Play, Clip TV, Fim+&nbsp;cho bn thoi mi nghe nhc, xem phim, xem chng trnh gii tr, th thao, ht karaoke th gin.</p>\r\n<p><img class=\"lazy\" title=\"Smart Tivi Samsung 4K 70 inch UA70RU7200 - H iu hnh Tizen OS\" src=\"https://salt.tikicdn.com/cache/w750/ts/product/dd/bb/7f/507e57b891db339ae026c6d274a3fae9.jpg\" alt=\"Smart Tivi Samsung 4K 70 inch UA70RU7200 - H iu hnh Tizen OS\" width=\"750\" height=\"416\" data-src=\"https://salt.tikicdn.com/cache/w750/ts/product/dd/bb/7f/507e57b891db339ae026c6d274a3fae9.jpg\"></p>',1);
/*!40000 ALTER TABLE `product_productmodel` ENABLE KEYS */;
UNLOCK TABLES;

--
-- Table structure for table `review_imagereview`
--

DROP TABLE IF EXISTS `review_imagereview`;
/*!40101 SET @saved_cs_client     = @@character_set_client */;
/*!40101 SET character_set_client = utf8 */;
CREATE TABLE `review_imagereview` (
  `id` int(11) NOT NULL AUTO_INCREMENT,
  `img_src` varchar(2000) NOT NULL,
  `type` varchar(100) NOT NULL,
  `size` int(11) NOT NULL,
  `review_id` int(11) NOT NULL,
  PRIMARY KEY (`id`)
) ENGINE=InnoDB AUTO_INCREMENT=22 DEFAULT CHARSET=latin1;
/*!40101 SET character_set_client = @saved_cs_client */;

--
-- Dumping data for table `review_imagereview`
--

LOCK TABLES `review_imagereview` WRITE;
/*!40000 ALTER TABLE `review_imagereview` DISABLE KEYS */;
INSERT INTO `review_imagereview` VALUES (1,'/images/d4b32632f93b4e4496e9075e3be5547b.png','.png',1,57),(2,'/images/f3d9ab681b6c440c93e9953636738a24.jpg','.jpg',1,57),(3,'static/images/51ac30c840154145b15e18cf2e016d32.png','.png',1,58),(4,'static/images/cb34b9222391424892c75061feb1871b.jpg','.jpg',1,58),(5,'static/images/b7adc60b0a5b4ad88928fc6ced281e1d.png','.png',1,59),(6,'static/images/9d2713e970ba4b4f8d2b60dd1c11cdd9.jpg','.jpg',1,59),(7,'static/images/372186d231e9451c9f21ac50c8d74e17.png','.png',1,63),(8,'static/images/4d02c06013e9445cafacd050d3fcb34f.jpg','.jpg',1,63),(9,'static/images/9c90bc82cac64065ba87981932d11f3c.png','.png',1,64),(10,'static/images/4f5f32404dd64202a5def9de4273f45d.png','.png',1,75),(11,'static/images/ce67e93235cd4c0b95791a2d0a2d8da5.png','.png',1,76),(12,'static/images/18b623c30f684176b79fec2b16c4c4b4.png','.png',1,77),(13,'static/images/a68e320a382746b7ada61e6725eabbcd.png','.png',1,99),(14,'static/images/68d66ef42dde4910b7120d88fb8ea55c.png','.png',1,100),(15,'static/images/ad3c1ccf14654812aa1db89562359990.png','.png',1,101),(16,'static/images/95c4a7f113b84eb1ba2b75cf5b61ea60.png','.png',1,128),(17,'static/images/e99522f499ec44fbb11d7d303f791a6f.png','.png',1,134),(18,'static/images/bf6b8409a7f348ef9919bbafd890e088.jpg','.jpg',1,135),(19,'static/images/cdcd7116765a4d85bde938ce3058a1dc.png','.png',1,136),(20,'static/images/f0db8bc07cf947ae9c01e723f79ee722.jpg','.jpg',1,136),(21,'static/images/f9f33de856d845ef82b37dfcf81a04d7.jpg','.jpg',1,136);
/*!40000 ALTER TABLE `review_imagereview` ENABLE KEYS */;
UNLOCK TABLES;

--
-- Table structure for table `review_review`
--

DROP TABLE IF EXISTS `review_review`;
/*!40101 SET @saved_cs_client     = @@character_set_client */;
/*!40101 SET character_set_client = utf8 */;
CREATE TABLE `review_review` (
  `id` int(11) NOT NULL AUTO_INCREMENT,
  `account_id` int(11) NOT NULL,
  `comment` varchar(3000) NOT NULL,
  `time_created` datetime(6) NOT NULL,
  `rating_level` int(11) NOT NULL,
  `product_id` int(11) NOT NULL,
  PRIMARY KEY (`id`)
) ENGINE=InnoDB AUTO_INCREMENT=137 DEFAULT CHARSET=latin1;
/*!40101 SET character_set_client = @saved_cs_client */;

--
-- Dumping data for table `review_review`
--

LOCK TABLES `review_review` WRITE;
/*!40000 ALTER TABLE `review_review` DISABLE KEYS */;
INSERT INTO `review_review` VALUES (130,1,'123','2020-12-09 10:27:31.120507',1,1),(131,1,'123','2020-12-09 10:28:09.480131',1,1),(132,1,'123','2020-12-09 10:28:19.652032',1,1),(133,1,'123','2020-12-09 10:28:51.701025',1,1),(134,1,'test thui ','2020-12-10 01:39:40.511562',5,1),(135,1,'test','2020-12-10 01:48:30.056498',5,1),(136,1,'test','2020-12-10 03:37:35.955967',5,1);
/*!40000 ALTER TABLE `review_review` ENABLE KEYS */;
UNLOCK TABLES;

--
-- Table structure for table `sku_sku`
--

DROP TABLE IF EXISTS `sku_sku`;
/*!40101 SET @saved_cs_client     = @@character_set_client */;
/*!40101 SET character_set_client = utf8 */;
CREATE TABLE `sku_sku` (
  `id` int(11) NOT NULL AUTO_INCREMENT,
  `sku_name` longtext NOT NULL,
  `sku_avatar` longtext NOT NULL,
  PRIMARY KEY (`id`)
) ENGINE=InnoDB AUTO_INCREMENT=2 DEFAULT CHARSET=latin1;
/*!40101 SET character_set_client = @saved_cs_client */;

--
-- Dumping data for table `sku_sku`
--

LOCK TABLES `sku_sku` WRITE;
/*!40000 ALTER TABLE `sku_sku` DISABLE KEYS */;
INSERT INTO `sku_sku` VALUES (1,'Group Case TTM','https://salt.tikicdn.com/cache/w220/ts/seller/35/03/f4/faa07c5e9a861171fb2210063007483b.jpg');
/*!40000 ALTER TABLE `sku_sku` ENABLE KEYS */;
UNLOCK TABLES;
/*!40103 SET TIME_ZONE=@OLD_TIME_ZONE */;

/*!40101 SET SQL_MODE=@OLD_SQL_MODE */;
/*!40014 SET FOREIGN_KEY_CHECKS=@OLD_FOREIGN_KEY_CHECKS */;
/*!40014 SET UNIQUE_CHECKS=@OLD_UNIQUE_CHECKS */;
/*!40101 SET CHARACTER_SET_CLIENT=@OLD_CHARACTER_SET_CLIENT */;
/*!40101 SET CHARACTER_SET_RESULTS=@OLD_CHARACTER_SET_RESULTS */;
/*!40101 SET COLLATION_CONNECTION=@OLD_COLLATION_CONNECTION */;
/*!40111 SET SQL_NOTES=@OLD_SQL_NOTES */;

-- Dump completed on 2020-12-10 15:33:38
